"Year","Month","Temp","Date","ID","DaysInMonth","DaysInYear","CenturyFullYear","CenturyFullID","CenturyHalfYear","CenturyHalfID","CenturyQuarterYear","CenturyQuarterID"
1869,1,35.1,1869-01-15,1,31,365,1800,1,1850,1,1850,1
1869,2,34.5,1869-02-15,2,28,365,1800,1,1850,1,1850,1
1869,3,34.8,1869-03-15,3,31,365,1800,1,1850,1,1850,1
1869,4,49.2,1869-04-15,4,30,365,1800,1,1850,1,1850,1
1869,5,57.7,1869-05-15,5,31,365,1800,1,1850,1,1850,1
1869,6,69.3,1869-06-15,6,30,365,1800,1,1850,1,1850,1
1869,7,72.8,1869-07-15,7,31,365,1800,1,1850,1,1850,1
1869,8,71.8,1869-08-15,8,31,365,1800,1,1850,1,1850,1
1869,9,65.6,1869-09-15,9,30,365,1800,1,1850,1,1850,1
1869,10,50.9,1869-10-15,10,31,365,1800,1,1850,1,1850,1
1869,11,40.3,1869-11-15,11,30,365,1800,1,1850,1,1850,1
1869,12,34.7,1869-12-15,12,31,365,1800,1,1850,1,1850,1
1870,1,37.5,1870-01-15,13,31,365,1800,1,1850,1,1850,1
1870,2,31.3,1870-02-15,14,28,365,1800,1,1850,1,1850,1
1870,3,34.1,1870-03-15,15,31,365,1800,1,1850,1,1850,1
1870,4,50.7,1870-04-15,16,30,365,1800,1,1850,1,1850,1
1870,5,60.9,1870-05-15,17,31,365,1800,1,1850,1,1850,1
1870,6,72.9,1870-06-15,18,30,365,1800,1,1850,1,1850,1
1870,7,76.6,1870-07-15,19,31,365,1800,1,1850,1,1850,1
1870,8,75.3,1870-08-15,20,31,365,1800,1,1850,1,1850,1
1870,9,67.6,1870-09-15,21,30,365,1800,1,1850,1,1850,1
1870,10,56.7,1870-10-15,22,31,365,1800,1,1850,1,1850,1
1870,11,45.5,1870-11-15,23,30,365,1800,1,1850,1,1850,1
1870,12,34.1,1870-12-15,24,31,365,1800,1,1850,1,1850,1
1871,1,28.3,1871-01-15,25,31,365,1800,1,1850,1,1850,1
1871,2,30.2,1871-02-15,26,28,365,1800,1,1850,1,1850,1
1871,3,44.2,1871-03-15,27,31,365,1800,1,1850,1,1850,1
1871,4,52,1871-04-15,28,30,365,1800,1,1850,1,1850,1
1871,5,60.4,1871-05-15,29,31,365,1800,1,1850,1,1850,1
1871,6,68.2,1871-06-15,30,30,365,1800,1,1850,1,1850,1
1871,7,72.3,1871-07-15,31,31,365,1800,1,1850,1,1850,1
1871,8,73.6,1871-08-15,32,31,365,1800,1,1850,1,1850,1
1871,9,60.8,1871-09-15,33,30,365,1800,1,1850,1,1850,1
1871,10,55.6,1871-10-15,34,31,365,1800,1,1850,1,1850,1
1871,11,38.8,1871-11-15,35,30,365,1800,1,1850,1,1850,1
1871,12,29.2,1871-12-15,36,31,365,1800,1,1850,1,1850,1
1872,1,28.8,1872-01-15,37,31,366,1800,1,1850,1,1850,1
1872,2,29.9,1872-02-15,38,29,366,1800,1,1850,1,1850,1
1872,3,30.5,1872-03-15,39,31,366,1800,1,1850,1,1850,1
1872,4,49.4,1872-04-15,40,30,366,1800,1,1850,1,1850,1
1872,5,61.5,1872-05-15,41,31,366,1800,1,1850,1,1850,1
1872,6,71.2,1872-06-15,42,30,366,1800,1,1850,1,1850,1
1872,7,77.5,1872-07-15,43,31,366,1800,1,1850,1,1850,1
1872,8,75.6,1872-08-15,44,31,366,1800,1,1850,1,1850,1
1872,9,66.4,1872-09-15,45,30,366,1800,1,1850,1,1850,1
1872,10,53.2,1872-10-15,46,31,366,1800,1,1850,1,1850,1
1872,11,41,1872-11-15,47,30,366,1800,1,1850,1,1850,1
1872,12,26.7,1872-12-15,48,31,366,1800,1,1850,1,1850,1
1873,1,28.6,1873-01-15,49,31,365,1800,1,1850,1,1850,1
1873,2,29.5,1873-02-15,50,28,365,1800,1,1850,1,1850,1
1873,3,35.7,1873-03-15,51,31,365,1800,1,1850,1,1850,1
1873,4,46.7,1873-04-15,52,30,365,1800,1,1850,1,1850,1
1873,5,58.8,1873-05-15,53,31,365,1800,1,1850,1,1850,1
1873,6,70.3,1873-06-15,54,30,365,1800,1,1850,1,1850,1
1873,7,75.4,1873-07-15,55,31,365,1800,1,1850,1,1850,1
1873,8,72,1873-08-15,56,31,365,1800,1,1850,1,1850,1
1873,9,65.4,1873-09-15,57,30,365,1800,1,1850,1,1850,1
1873,10,55.8,1873-10-15,58,31,365,1800,1,1850,1,1850,1
1873,11,37,1873-11-15,59,30,365,1800,1,1850,1,1850,1
1873,12,36.5,1873-12-15,60,31,365,1800,1,1850,1,1850,1
1874,1,34.2,1874-01-15,61,31,365,1800,1,1850,1,1850,1
1874,2,31.3,1874-02-15,62,28,365,1800,1,1850,1,1850,1
1874,3,37.1,1874-03-15,63,31,365,1800,1,1850,1,1850,1
1874,4,41.1,1874-04-15,64,30,365,1800,1,1850,1,1850,1
1874,5,58.8,1874-05-15,65,31,365,1800,1,1850,1,1850,1
1874,6,70.1,1874-06-15,66,30,365,1800,1,1850,1,1850,1
1874,7,73.9,1874-07-15,67,31,365,1800,1,1850,1,1850,1
1874,8,70.3,1874-08-15,68,31,365,1800,1,1850,1,1850,1
1874,9,67,1874-09-15,69,30,365,1800,1,1850,1,1850,1
1874,10,55.1,1874-10-15,70,31,365,1800,1,1850,1,1850,1
1874,11,43.4,1874-11-15,71,30,365,1800,1,1850,1,1850,1
1874,12,33.8,1874-12-15,72,31,365,1800,1,1850,1,1850,1
1875,1,23.8,1875-01-15,73,31,365,1800,1,1850,1,1875,2
1875,2,25.2,1875-02-15,74,28,365,1800,1,1850,1,1875,2
1875,3,34.1,1875-03-15,75,31,365,1800,1,1850,1,1875,2
1875,4,43.1,1875-04-15,76,30,365,1800,1,1850,1,1875,2
1875,5,60.1,1875-05-15,77,31,365,1800,1,1850,1,1875,2
1875,6,69.2,1875-06-15,78,30,365,1800,1,1850,1,1875,2
1875,7,74,1875-07-15,79,31,365,1800,1,1850,1,1875,2
1875,8,72.9,1875-08-15,80,31,365,1800,1,1850,1,1875,2
1875,9,64,1875-09-15,81,30,365,1800,1,1850,1,1875,2
1875,10,53.6,1875-10-15,82,31,365,1800,1,1850,1,1875,2
1875,11,39.3,1875-11-15,83,30,365,1800,1,1850,1,1875,2
1875,12,33.9,1875-12-15,84,31,365,1800,1,1850,1,1875,2
1876,1,36.6,1876-01-15,85,31,366,1800,1,1850,1,1875,2
1876,2,31.8,1876-02-15,86,29,366,1800,1,1850,1,1875,2
1876,3,34.4,1876-03-15,87,31,366,1800,1,1850,1,1875,2
1876,4,47,1876-04-15,88,30,366,1800,1,1850,1,1875,2
1876,5,60.2,1876-05-15,89,31,366,1800,1,1850,1,1875,2
1876,6,73.5,1876-06-15,90,30,366,1800,1,1850,1,1875,2
1876,7,79.4,1876-07-15,91,31,366,1800,1,1850,1,1875,2
1876,8,75.2,1876-08-15,92,31,366,1800,1,1850,1,1875,2
1876,9,63.7,1876-09-15,93,30,366,1800,1,1850,1,1875,2
1876,10,50.6,1876-10-15,94,31,366,1800,1,1850,1,1875,2
1876,11,45.2,1876-11-15,95,30,366,1800,1,1850,1,1875,2
1876,12,24.9,1876-12-15,96,31,366,1800,1,1850,1,1875,2
1877,1,27.7,1877-01-15,97,31,365,1800,1,1850,1,1875,2
1877,2,37,1877-02-15,98,28,365,1800,1,1850,1,1875,2
1877,3,35.8,1877-03-15,99,31,365,1800,1,1850,1,1875,2
1877,4,47.7,1877-04-15,100,30,365,1800,1,1850,1,1875,2
1877,5,59.6,1877-05-15,101,31,365,1800,1,1850,1,1875,2
1877,6,70.2,1877-06-15,102,30,365,1800,1,1850,1,1875,2
1877,7,75,1877-07-15,103,31,365,1800,1,1850,1,1875,2
1877,8,75.4,1877-08-15,104,31,365,1800,1,1850,1,1875,2
1877,9,66.9,1877-09-15,105,30,365,1800,1,1850,1,1875,2
1877,10,55.8,1877-10-15,106,31,365,1800,1,1850,1,1875,2
1877,11,44.5,1877-11-15,107,30,365,1800,1,1850,1,1875,2
1877,12,37.4,1877-12-15,108,31,365,1800,1,1850,1,1875,2
1878,1,30.3,1878-01-15,109,31,365,1800,1,1850,1,1875,2
1878,2,32.2,1878-02-15,110,28,365,1800,1,1850,1,1875,2
1878,3,44.1,1878-03-15,111,31,365,1800,1,1850,1,1875,2
1878,4,53.3,1878-04-15,112,30,365,1800,1,1850,1,1875,2
1878,5,59.4,1878-05-15,113,31,365,1800,1,1850,1,1875,2
1878,6,67.7,1878-06-15,114,30,365,1800,1,1850,1,1875,2
1878,7,77.8,1878-07-15,115,31,365,1800,1,1850,1,1875,2
1878,8,74.2,1878-08-15,116,31,365,1800,1,1850,1,1875,2
1878,9,68.3,1878-09-15,117,30,365,1800,1,1850,1,1875,2
1878,10,58.7,1878-10-15,118,31,365,1800,1,1850,1,1875,2
1878,11,43.8,1878-11-15,119,30,365,1800,1,1850,1,1875,2
1878,12,32.8,1878-12-15,120,31,365,1800,1,1850,1,1875,2
1879,1,26.9,1879-01-15,121,31,365,1800,1,1850,1,1875,2
1879,2,28,1879-02-15,122,28,365,1800,1,1850,1,1875,2
1879,3,40,1879-03-15,123,31,365,1800,1,1850,1,1875,2
1879,4,48.4,1879-04-15,124,30,365,1800,1,1850,1,1875,2
1879,5,63.3,1879-05-15,125,31,365,1800,1,1850,1,1875,2
1879,6,70.2,1879-06-15,126,30,365,1800,1,1850,1,1875,2
1879,7,75,1879-07-15,127,31,365,1800,1,1850,1,1875,2
1879,8,72,1879-08-15,128,31,365,1800,1,1850,1,1875,2
1879,9,63.3,1879-09-15,129,30,365,1800,1,1850,1,1875,2
1879,10,60.3,1879-10-15,130,31,365,1800,1,1850,1,1875,2
1879,11,43.4,1879-11-15,131,30,365,1800,1,1850,1,1875,2
1879,12,37.3,1879-12-15,132,31,365,1800,1,1850,1,1875,2
1880,1,39.6,1880-01-15,133,31,366,1800,1,1850,1,1875,2
1880,2,37.2,1880-02-15,134,29,366,1800,1,1850,1,1875,2
1880,3,36.5,1880-03-15,135,31,366,1800,1,1850,1,1875,2
1880,4,50,1880-04-15,136,30,366,1800,1,1850,1,1875,2
1880,5,67.9,1880-05-15,137,31,366,1800,1,1850,1,1875,2
1880,6,73.1,1880-06-15,138,30,366,1800,1,1850,1,1875,2
1880,7,74.9,1880-07-15,139,31,366,1800,1,1850,1,1875,2
1880,8,72.7,1880-08-15,140,31,366,1800,1,1850,1,1875,2
1880,9,67.1,1880-09-15,141,30,366,1800,1,1850,1,1875,2
1880,10,53.6,1880-10-15,142,31,366,1800,1,1850,1,1875,2
1880,11,38.7,1880-11-15,143,30,366,1800,1,1850,1,1875,2
1880,12,26.5,1880-12-15,144,31,366,1800,1,1850,1,1875,2
1881,1,24.7,1881-01-15,145,31,365,1800,1,1850,1,1875,2
1881,2,28.7,1881-02-15,146,28,365,1800,1,1850,1,1875,2
1881,3,36.7,1881-03-15,147,31,365,1800,1,1850,1,1875,2
1881,4,46.3,1881-04-15,148,30,365,1800,1,1850,1,1875,2
1881,5,62.3,1881-05-15,149,31,365,1800,1,1850,1,1875,2
1881,6,65.2,1881-06-15,150,30,365,1800,1,1850,1,1875,2
1881,7,73.7,1881-07-15,151,31,365,1800,1,1850,1,1875,2
1881,8,73.8,1881-08-15,152,31,365,1800,1,1850,1,1875,2
1881,9,73.4,1881-09-15,153,30,365,1800,1,1850,1,1875,2
1881,10,58.8,1881-10-15,154,31,365,1800,1,1850,1,1875,2
1881,11,45.2,1881-11-15,155,30,365,1800,1,1850,1,1875,2
1881,12,39.4,1881-12-15,156,31,365,1800,1,1850,1,1875,2
1882,1,28.8,1882-01-15,157,31,365,1800,1,1850,1,1875,2
1882,2,35.2,1882-02-15,158,28,365,1800,1,1850,1,1875,2
1882,3,40.4,1882-03-15,159,31,365,1800,1,1850,1,1875,2
1882,4,47.6,1882-04-15,160,30,365,1800,1,1850,1,1875,2
1882,5,56.6,1882-05-15,161,31,365,1800,1,1850,1,1875,2
1882,6,71.8,1882-06-15,162,30,365,1800,1,1850,1,1875,2
1882,7,75.8,1882-07-15,163,31,365,1800,1,1850,1,1875,2
1882,8,73.4,1882-08-15,164,31,365,1800,1,1850,1,1875,2
1882,9,67.1,1882-09-15,165,30,365,1800,1,1850,1,1875,2
1882,10,57.1,1882-10-15,166,31,365,1800,1,1850,1,1875,2
1882,11,39.2,1882-11-15,167,30,365,1800,1,1850,1,1875,2
1882,12,30.6,1882-12-15,168,31,365,1800,1,1850,1,1875,2
1883,1,25.2,1883-01-15,169,31,365,1800,1,1850,1,1875,2
1883,2,30.2,1883-02-15,170,28,365,1800,1,1850,1,1875,2
1883,3,32.7,1883-03-15,171,31,365,1800,1,1850,1,1875,2
1883,4,47.1,1883-04-15,172,30,365,1800,1,1850,1,1875,2
1883,5,61.1,1883-05-15,173,31,365,1800,1,1850,1,1875,2
1883,6,74,1883-06-15,174,30,365,1800,1,1850,1,1875,2
1883,7,74.5,1883-07-15,175,31,365,1800,1,1850,1,1875,2
1883,8,70.4,1883-08-15,176,31,365,1800,1,1850,1,1875,2
1883,9,62.6,1883-09-15,177,30,365,1800,1,1850,1,1875,2
1883,10,52.2,1883-10-15,178,31,365,1800,1,1850,1,1875,2
1883,11,43.7,1883-11-15,179,30,365,1800,1,1850,1,1875,2
1883,12,32,1883-12-15,180,31,365,1800,1,1850,1,1875,2
1884,1,24.7,1884-01-15,181,31,366,1800,1,1850,1,1875,2
1884,2,34,1884-02-15,182,29,366,1800,1,1850,1,1875,2
1884,3,37.7,1884-03-15,183,31,366,1800,1,1850,1,1875,2
1884,4,48.1,1884-04-15,184,30,366,1800,1,1850,1,1875,2
1884,5,59.8,1884-05-15,185,31,366,1800,1,1850,1,1875,2
1884,6,71.3,1884-06-15,186,30,366,1800,1,1850,1,1875,2
1884,7,71.9,1884-07-15,187,31,366,1800,1,1850,1,1875,2
1884,8,73.7,1884-08-15,188,31,366,1800,1,1850,1,1875,2
1884,9,72,1884-09-15,189,30,366,1800,1,1850,1,1875,2
1884,10,57.7,1884-10-15,190,31,366,1800,1,1850,1,1875,2
1884,11,44.3,1884-11-15,191,30,366,1800,1,1850,1,1875,2
1884,12,33.6,1884-12-15,192,31,366,1800,1,1850,1,1875,2
1885,1,29.4,1885-01-15,193,31,365,1800,1,1850,1,1875,2
1885,2,22.7,1885-02-15,194,28,365,1800,1,1850,1,1875,2
1885,3,30.6,1885-03-15,195,31,365,1800,1,1850,1,1875,2
1885,4,49.4,1885-04-15,196,30,365,1800,1,1850,1,1875,2
1885,5,59.9,1885-05-15,197,31,365,1800,1,1850,1,1875,2
1885,6,71,1885-06-15,198,30,365,1800,1,1850,1,1875,2
1885,7,78.5,1885-07-15,199,31,365,1800,1,1850,1,1875,2
1885,8,72.4,1885-08-15,200,31,365,1800,1,1850,1,1875,2
1885,9,64.4,1885-09-15,201,30,365,1800,1,1850,1,1875,2
1885,10,54.1,1885-10-15,202,31,365,1800,1,1850,1,1875,2
1885,11,44.9,1885-11-15,203,30,365,1800,1,1850,1,1875,2
1885,12,35.7,1885-12-15,204,31,365,1800,1,1850,1,1875,2
1886,1,26.8,1886-01-15,205,31,365,1800,1,1850,1,1875,2
1886,2,27.5,1886-02-15,206,28,365,1800,1,1850,1,1875,2
1886,3,37.6,1886-03-15,207,31,365,1800,1,1850,1,1875,2
1886,4,52.9,1886-04-15,208,30,365,1800,1,1850,1,1875,2
1886,5,60.2,1886-05-15,209,31,365,1800,1,1850,1,1875,2
1886,6,68,1886-06-15,210,30,365,1800,1,1850,1,1875,2
1886,7,74.8,1886-07-15,211,31,365,1800,1,1850,1,1875,2
1886,8,70.2,1886-08-15,212,31,365,1800,1,1850,1,1875,2
1886,9,65.3,1886-09-15,213,30,365,1800,1,1850,1,1875,2
1886,10,54.9,1886-10-15,214,31,365,1800,1,1850,1,1875,2
1886,11,44.6,1886-11-15,215,30,365,1800,1,1850,1,1875,2
1886,12,29.6,1886-12-15,216,31,365,1800,1,1850,1,1875,2
1887,1,29.1,1887-01-15,217,31,365,1800,1,1850,1,1875,2
1887,2,32,1887-02-15,218,28,365,1800,1,1850,1,1875,2
1887,3,32.3,1887-03-15,219,31,365,1800,1,1850,1,1875,2
1887,4,46.3,1887-04-15,220,30,365,1800,1,1850,1,1875,2
1887,5,63.8,1887-05-15,221,31,365,1800,1,1850,1,1875,2
1887,6,69.6,1887-06-15,222,30,365,1800,1,1850,1,1875,2
1887,7,78.2,1887-07-15,223,31,365,1800,1,1850,1,1875,2
1887,8,70,1887-08-15,224,31,365,1800,1,1850,1,1875,2
1887,9,61.8,1887-09-15,225,30,365,1800,1,1850,1,1875,2
1887,10,52.2,1887-10-15,226,31,365,1800,1,1850,1,1875,2
1887,11,41.4,1887-11-15,227,30,365,1800,1,1850,1,1875,2
1887,12,33.8,1887-12-15,228,31,365,1800,1,1850,1,1875,2
1888,1,23,1888-01-15,229,31,366,1800,1,1850,1,1875,2
1888,2,29.3,1888-02-15,230,29,366,1800,1,1850,1,1875,2
1888,3,30,1888-03-15,231,31,366,1800,1,1850,1,1875,2
1888,4,46,1888-04-15,232,30,366,1800,1,1850,1,1875,2
1888,5,58,1888-05-15,233,31,366,1800,1,1850,1,1875,2
1888,6,70.9,1888-06-15,234,30,366,1800,1,1850,1,1875,2
1888,7,70.7,1888-07-15,235,31,366,1800,1,1850,1,1875,2
1888,8,72.6,1888-08-15,236,31,366,1800,1,1850,1,1875,2
1888,9,62.8,1888-09-15,237,30,366,1800,1,1850,1,1875,2
1888,10,48.6,1888-10-15,238,31,366,1800,1,1850,1,1875,2
1888,11,45.5,1888-11-15,239,30,366,1800,1,1850,1,1875,2
1888,12,34.7,1888-12-15,240,31,366,1800,1,1850,1,1875,2
1889,1,35.7,1889-01-15,241,31,365,1800,1,1850,1,1875,2
1889,2,27.8,1889-02-15,242,28,365,1800,1,1850,1,1875,2
1889,3,39.7,1889-03-15,243,31,365,1800,1,1850,1,1875,2
1889,4,51.2,1889-04-15,244,30,365,1800,1,1850,1,1875,2
1889,5,63.5,1889-05-15,245,31,365,1800,1,1850,1,1875,2
1889,6,70.5,1889-06-15,246,30,365,1800,1,1850,1,1875,2
1889,7,73.2,1889-07-15,247,31,365,1800,1,1850,1,1875,2
1889,8,70.6,1889-08-15,248,31,365,1800,1,1850,1,1875,2
1889,9,65.2,1889-09-15,249,30,365,1800,1,1850,1,1875,2
1889,10,49.7,1889-10-15,250,31,365,1800,1,1850,1,1875,2
1889,11,44.7,1889-11-15,251,30,365,1800,1,1850,1,1875,2
1889,12,40,1889-12-15,252,31,365,1800,1,1850,1,1875,2
1890,1,37.6,1890-01-15,253,31,365,1800,1,1850,1,1875,2
1890,2,37.9,1890-02-15,254,28,365,1800,1,1850,1,1875,2
1890,3,35.6,1890-03-15,255,31,365,1800,1,1850,1,1875,2
1890,4,49.1,1890-04-15,256,30,365,1800,1,1850,1,1875,2
1890,5,60.3,1890-05-15,257,31,365,1800,1,1850,1,1875,2
1890,6,70.1,1890-06-15,258,30,365,1800,1,1850,1,1875,2
1890,7,73.1,1890-07-15,259,31,365,1800,1,1850,1,1875,2
1890,8,72.7,1890-08-15,260,31,365,1800,1,1850,1,1875,2
1890,9,67.1,1890-09-15,261,30,365,1800,1,1850,1,1875,2
1890,10,54.5,1890-10-15,262,31,365,1800,1,1850,1,1875,2
1890,11,43.9,1890-11-15,263,30,365,1800,1,1850,1,1875,2
1890,12,29.9,1890-12-15,264,31,365,1800,1,1850,1,1875,2
1891,1,33.8,1891-01-15,265,31,365,1800,1,1850,1,1875,2
1891,2,36.5,1891-02-15,266,28,365,1800,1,1850,1,1875,2
1891,3,35.8,1891-03-15,267,31,365,1800,1,1850,1,1875,2
1891,4,49.7,1891-04-15,268,30,365,1800,1,1850,1,1875,2
1891,5,57.8,1891-05-15,269,31,365,1800,1,1850,1,1875,2
1891,6,71.4,1891-06-15,270,30,365,1800,1,1850,1,1875,2
1891,7,72.4,1891-07-15,271,31,365,1800,1,1850,1,1875,2
1891,8,75.5,1891-08-15,272,31,365,1800,1,1850,1,1875,2
1891,9,71.6,1891-09-15,273,30,365,1800,1,1850,1,1875,2
1891,10,54.7,1891-10-15,274,31,365,1800,1,1850,1,1875,2
1891,11,44.3,1891-11-15,275,30,365,1800,1,1850,1,1875,2
1891,12,42.3,1891-12-15,276,31,365,1800,1,1850,1,1875,2
1892,1,31.5,1892-01-15,277,31,366,1800,1,1850,1,1875,2
1892,2,33.4,1892-02-15,278,29,366,1800,1,1850,1,1875,2
1892,3,34.2,1892-03-15,279,31,366,1800,1,1850,1,1875,2
1892,4,48.8,1892-04-15,280,30,366,1800,1,1850,1,1875,2
1892,5,59.2,1892-05-15,281,31,366,1800,1,1850,1,1875,2
1892,6,73.5,1892-06-15,282,30,366,1800,1,1850,1,1875,2
1892,7,74.9,1892-07-15,283,31,366,1800,1,1850,1,1875,2
1892,8,74.3,1892-08-15,284,31,366,1800,1,1850,1,1875,2
1892,9,64.7,1892-09-15,285,30,366,1800,1,1850,1,1875,2
1892,10,53,1892-10-15,286,31,366,1800,1,1850,1,1875,2
1892,11,43.4,1892-11-15,287,30,366,1800,1,1850,1,1875,2
1892,12,32.2,1892-12-15,288,31,366,1800,1,1850,1,1875,2
1893,1,23.7,1893-01-15,289,31,365,1800,1,1850,1,1875,2
1893,2,29.4,1893-02-15,290,28,365,1800,1,1850,1,1875,2
1893,3,35.5,1893-03-15,291,31,365,1800,1,1850,1,1875,2
1893,4,46.4,1893-04-15,292,30,365,1800,1,1850,1,1875,2
1893,5,58.2,1893-05-15,293,31,365,1800,1,1850,1,1875,2
1893,6,68.1,1893-06-15,294,30,365,1800,1,1850,1,1875,2
1893,7,73.6,1893-07-15,295,31,365,1800,1,1850,1,1875,2
1893,8,73.5,1893-08-15,296,31,365,1800,1,1850,1,1875,2
1893,9,63.3,1893-09-15,297,30,365,1800,1,1850,1,1875,2
1893,10,56.2,1893-10-15,298,31,365,1800,1,1850,1,1875,2
1893,11,42.9,1893-11-15,299,30,365,1800,1,1850,1,1875,2
1893,12,34.5,1893-12-15,300,31,365,1800,1,1850,1,1875,2
1894,1,33.6,1894-01-15,301,31,365,1800,1,1850,1,1875,2
1894,2,28.6,1894-02-15,302,28,365,1800,1,1850,1,1875,2
1894,3,42.8,1894-03-15,303,31,365,1800,1,1850,1,1875,2
1894,4,49.2,1894-04-15,304,30,365,1800,1,1850,1,1875,2
1894,5,60.9,1894-05-15,305,31,365,1800,1,1850,1,1875,2
1894,6,70.4,1894-06-15,306,30,365,1800,1,1850,1,1875,2
1894,7,75,1894-07-15,307,31,365,1800,1,1850,1,1875,2
1894,8,70.6,1894-08-15,308,31,365,1800,1,1850,1,1875,2
1894,9,68.8,1894-09-15,309,30,365,1800,1,1850,1,1875,2
1894,10,55.3,1894-10-15,310,31,365,1800,1,1850,1,1875,2
1894,11,41.5,1894-11-15,311,30,365,1800,1,1850,1,1875,2
1894,12,36.8,1894-12-15,312,31,365,1800,1,1850,1,1875,2
1895,1,29.8,1895-01-15,313,31,365,1800,1,1850,1,1875,2
1895,2,24.1,1895-02-15,314,28,365,1800,1,1850,1,1875,2
1895,3,35.4,1895-03-15,315,31,365,1800,1,1850,1,1875,2
1895,4,50.1,1895-04-15,316,30,365,1800,1,1850,1,1875,2
1895,5,62.5,1895-05-15,317,31,365,1800,1,1850,1,1875,2
1895,6,72.9,1895-06-15,318,30,365,1800,1,1850,1,1875,2
1895,7,72.6,1895-07-15,319,31,365,1800,1,1850,1,1875,2
1895,8,75.6,1895-08-15,320,31,365,1800,1,1850,1,1875,2
1895,9,70.9,1895-09-15,321,30,365,1800,1,1850,1,1875,2
1895,10,52.5,1895-10-15,322,31,365,1800,1,1850,1,1875,2
1895,11,47.8,1895-11-15,323,30,365,1800,1,1850,1,1875,2
1895,12,38.1,1895-12-15,324,31,365,1800,1,1850,1,1875,2
1896,1,29.8,1896-01-15,325,31,366,1800,1,1850,1,1875,2
1896,2,31.9,1896-02-15,326,29,366,1800,1,1850,1,1875,2
1896,3,32.6,1896-03-15,327,31,366,1800,1,1850,1,1875,2
1896,4,52.3,1896-04-15,328,30,366,1800,1,1850,1,1875,2
1896,5,67,1896-05-15,329,31,366,1800,1,1850,1,1875,2
1896,6,69.8,1896-06-15,330,30,366,1800,1,1850,1,1875,2
1896,7,76.8,1896-07-15,331,31,366,1800,1,1850,1,1875,2
1896,8,76.1,1896-08-15,332,31,366,1800,1,1850,1,1875,2
1896,9,67.3,1896-09-15,333,30,366,1800,1,1850,1,1875,2
1896,10,53.9,1896-10-15,334,31,366,1800,1,1850,1,1875,2
1896,11,49.9,1896-11-15,335,30,366,1800,1,1850,1,1875,2
1896,12,34.2,1896-12-15,336,31,366,1800,1,1850,1,1875,2
1897,1,30.8,1897-01-15,337,31,365,1800,1,1850,1,1875,2
1897,2,33.2,1897-02-15,338,28,365,1800,1,1850,1,1875,2
1897,3,40.8,1897-03-15,339,31,365,1800,1,1850,1,1875,2
1897,4,50.5,1897-04-15,340,30,365,1800,1,1850,1,1875,2
1897,5,61.5,1897-05-15,341,31,365,1800,1,1850,1,1875,2
1897,6,67.5,1897-06-15,342,30,365,1800,1,1850,1,1875,2
1897,7,75.9,1897-07-15,343,31,365,1800,1,1850,1,1875,2
1897,8,73.2,1897-08-15,344,31,365,1800,1,1850,1,1875,2
1897,9,67,1897-09-15,345,30,365,1800,1,1850,1,1875,2
1897,10,56.6,1897-10-15,346,31,365,1800,1,1850,1,1875,2
1897,11,46,1897-11-15,347,30,365,1800,1,1850,1,1875,2
1897,12,38.3,1897-12-15,348,31,365,1800,1,1850,1,1875,2
1898,1,35.3,1898-01-15,349,31,365,1800,1,1850,1,1875,2
1898,2,35.8,1898-02-15,350,28,365,1800,1,1850,1,1875,2
1898,3,45.6,1898-03-15,351,31,365,1800,1,1850,1,1875,2
1898,4,47.7,1898-04-15,352,30,365,1800,1,1850,1,1875,2
1898,5,58.4,1898-05-15,353,31,365,1800,1,1850,1,1875,2
1898,6,71.2,1898-06-15,354,30,365,1800,1,1850,1,1875,2
1898,7,76.1,1898-07-15,355,31,365,1800,1,1850,1,1875,2
1898,8,75.3,1898-08-15,356,31,365,1800,1,1850,1,1875,2
1898,9,70.3,1898-09-15,357,30,365,1800,1,1850,1,1875,2
1898,10,59.5,1898-10-15,358,31,365,1800,1,1850,1,1875,2
1898,11,45.6,1898-11-15,359,30,365,1800,1,1850,1,1875,2
1898,12,34.6,1898-12-15,360,31,365,1800,1,1850,1,1875,2
1899,1,31.4,1899-01-15,361,31,365,1800,1,1850,1,1875,2
1899,2,27.9,1899-02-15,362,28,365,1800,1,1850,1,1875,2
1899,3,37.9,1899-03-15,363,31,365,1800,1,1850,1,1875,2
1899,4,49.5,1899-04-15,364,30,365,1800,1,1850,1,1875,2
1899,5,62.3,1899-05-15,365,31,365,1800,1,1850,1,1875,2
1899,6,74.1,1899-06-15,366,30,365,1800,1,1850,1,1875,2
1899,7,76.2,1899-07-15,367,31,365,1800,1,1850,1,1875,2
1899,8,75.2,1899-08-15,368,31,365,1800,1,1850,1,1875,2
1899,9,66.1,1899-09-15,369,30,365,1800,1,1850,1,1875,2
1899,10,58.6,1899-10-15,370,31,365,1800,1,1850,1,1875,2
1899,11,46,1899-11-15,371,30,365,1800,1,1850,1,1875,2
1899,12,38.2,1899-12-15,372,31,365,1800,1,1850,1,1875,2
1900,1,31.8,1900-01-15,373,31,365,1900,2,1900,2,1900,3
1900,2,30.3,1900-02-15,374,28,365,1900,2,1900,2,1900,3
1900,3,33.4,1900-03-15,375,31,365,1900,2,1900,2,1900,3
1900,4,50,1900-04-15,376,30,365,1900,2,1900,2,1900,3
1900,5,59.6,1900-05-15,377,31,365,1900,2,1900,2,1900,3
1900,6,70.5,1900-06-15,378,30,365,1900,2,1900,2,1900,3
1900,7,76.4,1900-07-15,379,31,365,1900,2,1900,2,1900,3
1900,8,76.2,1900-08-15,380,31,365,1900,2,1900,2,1900,3
1900,9,70.5,1900-09-15,381,30,365,1900,2,1900,2,1900,3
1900,10,61.3,1900-10-15,382,31,365,1900,2,1900,2,1900,3
1900,11,49.1,1900-11-15,383,30,365,1900,2,1900,2,1900,3
1900,12,36.3,1900-12-15,384,31,365,1900,2,1900,2,1900,3
1901,1,32.5,1901-01-15,385,31,365,1900,2,1900,2,1900,3
1901,2,26.3,1901-02-15,386,28,365,1900,2,1900,2,1900,3
1901,3,38.4,1901-03-15,387,31,365,1900,2,1900,2,1900,3
1901,4,47.8,1901-04-15,388,30,365,1900,2,1900,2,1900,3
1901,5,57.4,1901-05-15,389,31,365,1900,2,1900,2,1900,3
1901,6,70.6,1901-06-15,390,30,365,1900,2,1900,2,1900,3
1901,7,77.7,1901-07-15,391,31,365,1900,2,1900,2,1900,3
1901,8,75,1901-08-15,392,31,365,1900,2,1900,2,1900,3
1901,9,68.2,1901-09-15,393,30,365,1900,2,1900,2,1900,3
1901,10,55.9,1901-10-15,394,31,365,1900,2,1900,2,1900,3
1901,11,39.7,1901-11-15,395,30,365,1900,2,1900,2,1900,3
1901,12,35.7,1901-12-15,396,31,365,1900,2,1900,2,1900,3
1902,1,30.6,1902-01-15,397,31,365,1900,2,1900,2,1900,3
1902,2,29.7,1902-02-15,398,28,365,1900,2,1900,2,1900,3
1902,3,44.4,1902-03-15,399,31,365,1900,2,1900,2,1900,3
1902,4,50.6,1902-04-15,400,30,365,1900,2,1900,2,1900,3
1902,5,58.9,1902-05-15,401,31,365,1900,2,1900,2,1900,3
1902,6,66.8,1902-06-15,402,30,365,1900,2,1900,2,1900,3
1902,7,72.8,1902-07-15,403,31,365,1900,2,1900,2,1900,3
1902,8,71.9,1902-08-15,404,31,365,1900,2,1900,2,1900,3
1902,9,66.7,1902-09-15,405,30,365,1900,2,1900,2,1900,3
1902,10,58.2,1902-10-15,406,31,365,1900,2,1900,2,1900,3
1902,11,51.6,1902-11-15,407,30,365,1900,2,1900,2,1900,3
1902,12,32.5,1902-12-15,408,31,365,1900,2,1900,2,1900,3
1903,1,30.4,1903-01-15,409,31,365,1900,2,1900,2,1900,3
1903,2,33.2,1903-02-15,410,28,365,1900,2,1900,2,1900,3
1903,3,47.8,1903-03-15,411,31,365,1900,2,1900,2,1900,3
1903,4,52,1903-04-15,412,30,365,1900,2,1900,2,1900,3
1903,5,62.8,1903-05-15,413,31,365,1900,2,1900,2,1900,3
1903,6,64.2,1903-06-15,414,30,365,1900,2,1900,2,1900,3
1903,7,74.6,1903-07-15,415,31,365,1900,2,1900,2,1900,3
1903,8,69.1,1903-08-15,416,31,365,1900,2,1900,2,1900,3
1903,9,67,1903-09-15,417,30,365,1900,2,1900,2,1900,3
1903,10,58,1903-10-15,418,31,365,1900,2,1900,2,1900,3
1903,11,42.2,1903-11-15,419,30,365,1900,2,1900,2,1900,3
1903,12,31.5,1903-12-15,420,31,365,1900,2,1900,2,1900,3
1904,1,25.3,1904-01-15,421,31,366,1900,2,1900,2,1900,3
1904,2,25.4,1904-02-15,422,29,366,1900,2,1900,2,1900,3
1904,3,36.4,1904-03-15,423,31,366,1900,2,1900,2,1900,3
1904,4,46.6,1904-04-15,424,30,366,1900,2,1900,2,1900,3
1904,5,63.4,1904-05-15,425,31,366,1900,2,1900,2,1900,3
1904,6,70.2,1904-06-15,426,30,366,1900,2,1900,2,1900,3
1904,7,74.6,1904-07-15,427,31,366,1900,2,1900,2,1900,3
1904,8,73,1904-08-15,428,31,366,1900,2,1900,2,1900,3
1904,9,66.8,1904-09-15,429,30,366,1900,2,1900,2,1900,3
1904,10,53.8,1904-10-15,430,31,366,1900,2,1900,2,1900,3
1904,11,42.4,1904-11-15,431,30,366,1900,2,1900,2,1900,3
1904,12,30.3,1904-12-15,432,31,366,1900,2,1900,2,1900,3
1905,1,29.3,1905-01-15,433,31,365,1900,2,1900,2,1900,3
1905,2,24.8,1905-02-15,434,28,365,1900,2,1900,2,1900,3
1905,3,40.4,1905-03-15,435,31,365,1900,2,1900,2,1900,3
1905,4,49.9,1905-04-15,436,30,365,1900,2,1900,2,1900,3
1905,5,61.5,1905-05-15,437,31,365,1900,2,1900,2,1900,3
1905,6,69.9,1905-06-15,438,30,365,1900,2,1900,2,1900,3
1905,7,77.1,1905-07-15,439,31,365,1900,2,1900,2,1900,3
1905,8,74.3,1905-08-15,440,31,365,1900,2,1900,2,1900,3
1905,9,69.6,1905-09-15,441,30,365,1900,2,1900,2,1900,3
1905,10,59.4,1905-10-15,442,31,365,1900,2,1900,2,1900,3
1905,11,44.1,1905-11-15,443,30,365,1900,2,1900,2,1900,3
1905,12,38.9,1905-12-15,444,31,365,1900,2,1900,2,1900,3
1906,1,38.4,1906-01-15,445,31,365,1900,2,1900,2,1900,3
1906,2,32.8,1906-02-15,446,28,365,1900,2,1900,2,1900,3
1906,3,35.6,1906-03-15,447,31,365,1900,2,1900,2,1900,3
1906,4,51.6,1906-04-15,448,30,365,1900,2,1900,2,1900,3
1906,5,63.1,1906-05-15,449,31,365,1900,2,1900,2,1900,3
1906,6,73.6,1906-06-15,450,30,365,1900,2,1900,2,1900,3
1906,7,77.1,1906-07-15,451,31,365,1900,2,1900,2,1900,3
1906,8,77.1,1906-08-15,452,31,365,1900,2,1900,2,1900,3
1906,9,70.1,1906-09-15,453,30,365,1900,2,1900,2,1900,3
1906,10,57.5,1906-10-15,454,31,365,1900,2,1900,2,1900,3
1906,11,45.5,1906-11-15,455,30,365,1900,2,1900,2,1900,3
1906,12,34.2,1906-12-15,456,31,365,1900,2,1900,2,1900,3
1907,1,34.9,1907-01-15,457,31,365,1900,2,1900,2,1900,3
1907,2,25.9,1907-02-15,458,28,365,1900,2,1900,2,1900,3
1907,3,42.5,1907-03-15,459,31,365,1900,2,1900,2,1900,3
1907,4,46.7,1907-04-15,460,30,365,1900,2,1900,2,1900,3
1907,5,56.2,1907-05-15,461,31,365,1900,2,1900,2,1900,3
1907,6,68.6,1907-06-15,462,30,365,1900,2,1900,2,1900,3
1907,7,77.4,1907-07-15,463,31,365,1900,2,1900,2,1900,3
1907,8,73.4,1907-08-15,464,31,365,1900,2,1900,2,1900,3
1907,9,66.9,1907-09-15,465,30,365,1900,2,1900,2,1900,3
1907,10,52.7,1907-10-15,466,31,365,1900,2,1900,2,1900,3
1907,11,46.2,1907-11-15,467,30,365,1900,2,1900,2,1900,3
1907,12,38.8,1907-12-15,468,31,365,1900,2,1900,2,1900,3
1908,1,33.5,1908-01-15,469,31,366,1900,2,1900,2,1900,3
1908,2,27.5,1908-02-15,470,29,366,1900,2,1900,2,1900,3
1908,3,41.4,1908-03-15,471,31,366,1900,2,1900,2,1900,3
1908,4,52.2,1908-04-15,472,30,366,1900,2,1900,2,1900,3
1908,5,63.4,1908-05-15,473,31,366,1900,2,1900,2,1900,3
1908,6,73,1908-06-15,474,30,366,1900,2,1900,2,1900,3
1908,7,79.8,1908-07-15,475,31,366,1900,2,1900,2,1900,3
1908,8,75.8,1908-08-15,476,31,366,1900,2,1900,2,1900,3
1908,9,68.6,1908-09-15,477,30,366,1900,2,1900,2,1900,3
1908,10,60.8,1908-10-15,478,31,366,1900,2,1900,2,1900,3
1908,11,46.8,1908-11-15,479,30,366,1900,2,1900,2,1900,3
1908,12,37.6,1908-12-15,480,31,366,1900,2,1900,2,1900,3
1909,1,34.7,1909-01-15,481,31,365,1900,2,1900,2,1900,3
1909,2,37.7,1909-02-15,482,28,365,1900,2,1900,2,1900,3
1909,3,37.8,1909-03-15,483,31,365,1900,2,1900,2,1900,3
1909,4,48.4,1909-04-15,484,30,365,1900,2,1900,2,1900,3
1909,5,61,1909-05-15,485,31,365,1900,2,1900,2,1900,3
1909,6,72.1,1909-06-15,486,30,365,1900,2,1900,2,1900,3
1909,7,73.5,1909-07-15,487,31,365,1900,2,1900,2,1900,3
1909,8,72.2,1909-08-15,488,31,365,1900,2,1900,2,1900,3
1909,9,66.8,1909-09-15,489,30,365,1900,2,1900,2,1900,3
1909,10,54.5,1909-10-15,490,31,365,1900,2,1900,2,1900,3
1909,11,49.5,1909-11-15,491,30,365,1900,2,1900,2,1900,3
1909,12,32.4,1909-12-15,492,31,365,1900,2,1900,2,1900,3
1910,1,31.1,1910-01-15,493,31,365,1900,2,1900,2,1900,3
1910,2,30,1910-02-15,494,28,365,1900,2,1900,2,1900,3
1910,3,43,1910-03-15,495,31,365,1900,2,1900,2,1900,3
1910,4,55.1,1910-04-15,496,30,365,1900,2,1900,2,1900,3
1910,5,61,1910-05-15,497,31,365,1900,2,1900,2,1900,3
1910,6,68.7,1910-06-15,498,30,365,1900,2,1900,2,1900,3
1910,7,77.2,1910-07-15,499,31,365,1900,2,1900,2,1900,3
1910,8,72,1910-08-15,500,31,365,1900,2,1900,2,1900,3
1910,9,69.4,1910-09-15,501,30,365,1900,2,1900,2,1900,3
1910,10,58.8,1910-10-15,502,31,365,1900,2,1900,2,1900,3
1910,11,42.3,1910-11-15,503,30,365,1900,2,1900,2,1900,3
1910,12,30,1910-12-15,504,31,365,1900,2,1900,2,1900,3
1911,1,36.3,1911-01-15,505,31,365,1900,2,1900,2,1900,3
1911,2,31.3,1911-02-15,506,28,365,1900,2,1900,2,1900,3
1911,3,34.7,1911-03-15,507,31,365,1900,2,1900,2,1900,3
1911,4,47.8,1911-04-15,508,30,365,1900,2,1900,2,1900,3
1911,5,64.1,1911-05-15,509,31,365,1900,2,1900,2,1900,3
1911,6,69.8,1911-06-15,510,30,365,1900,2,1900,2,1900,3
1911,7,77.6,1911-07-15,511,31,365,1900,2,1900,2,1900,3
1911,8,72.8,1911-08-15,512,31,365,1900,2,1900,2,1900,3
1911,9,67.6,1911-09-15,513,30,365,1900,2,1900,2,1900,3
1911,10,56.2,1911-10-15,514,31,365,1900,2,1900,2,1900,3
1911,11,42.7,1911-11-15,515,30,365,1900,2,1900,2,1900,3
1911,12,39.4,1911-12-15,516,31,365,1900,2,1900,2,1900,3
1912,1,23.7,1912-01-15,517,31,366,1900,2,1900,2,1900,3
1912,2,28.8,1912-02-15,518,29,366,1900,2,1900,2,1900,3
1912,3,37.6,1912-03-15,519,31,366,1900,2,1900,2,1900,3
1912,4,50.4,1912-04-15,520,30,366,1900,2,1900,2,1900,3
1912,5,62.3,1912-05-15,521,31,366,1900,2,1900,2,1900,3
1912,6,69.7,1912-06-15,522,30,366,1900,2,1900,2,1900,3
1912,7,75.7,1912-07-15,523,31,366,1900,2,1900,2,1900,3
1912,8,71.7,1912-08-15,524,31,366,1900,2,1900,2,1900,3
1912,9,66.6,1912-09-15,525,30,366,1900,2,1900,2,1900,3
1912,10,59.2,1912-10-15,526,31,366,1900,2,1900,2,1900,3
1912,11,47.8,1912-11-15,527,30,366,1900,2,1900,2,1900,3
1912,12,39.3,1912-12-15,528,31,366,1900,2,1900,2,1900,3
1913,1,40.9,1913-01-15,529,31,365,1900,2,1900,2,1900,3
1913,2,31.3,1913-02-15,530,28,365,1900,2,1900,2,1900,3
1913,3,44.8,1913-03-15,531,31,365,1900,2,1900,2,1900,3
1913,4,52.5,1913-04-15,532,30,365,1900,2,1900,2,1900,3
1913,5,60.7,1913-05-15,533,31,365,1900,2,1900,2,1900,3
1913,6,70.5,1913-06-15,534,30,365,1900,2,1900,2,1900,3
1913,7,76.1,1913-07-15,535,31,365,1900,2,1900,2,1900,3
1913,8,73.4,1913-08-15,536,31,365,1900,2,1900,2,1900,3
1913,9,64.6,1913-09-15,537,30,365,1900,2,1900,2,1900,3
1913,10,58.6,1913-10-15,538,31,365,1900,2,1900,2,1900,3
1913,11,47.3,1913-11-15,539,30,365,1900,2,1900,2,1900,3
1913,12,38.7,1913-12-15,540,31,365,1900,2,1900,2,1900,3
1914,1,31.5,1914-01-15,541,31,365,1900,2,1900,2,1900,3
1914,2,25.4,1914-02-15,542,28,365,1900,2,1900,2,1900,3
1914,3,36.5,1914-03-15,543,31,365,1900,2,1900,2,1900,3
1914,4,47.9,1914-04-15,544,30,365,1900,2,1900,2,1900,3
1914,5,64.5,1914-05-15,545,31,365,1900,2,1900,2,1900,3
1914,6,68.9,1914-06-15,546,30,365,1900,2,1900,2,1900,3
1914,7,72.1,1914-07-15,547,31,365,1900,2,1900,2,1900,3
1914,8,74.6,1914-08-15,548,31,365,1900,2,1900,2,1900,3
1914,9,66.9,1914-09-15,549,30,365,1900,2,1900,2,1900,3
1914,10,59.4,1914-10-15,550,31,365,1900,2,1900,2,1900,3
1914,11,44.5,1914-11-15,551,30,365,1900,2,1900,2,1900,3
1914,12,31.6,1914-12-15,552,31,365,1900,2,1900,2,1900,3
1915,1,34.5,1915-01-15,553,31,365,1900,2,1900,2,1900,3
1915,2,35.9,1915-02-15,554,28,365,1900,2,1900,2,1900,3
1915,3,36.8,1915-03-15,555,31,365,1900,2,1900,2,1900,3
1915,4,54.4,1915-04-15,556,30,365,1900,2,1900,2,1900,3
1915,5,59,1915-05-15,557,31,365,1900,2,1900,2,1900,3
1915,6,68,1915-06-15,558,30,365,1900,2,1900,2,1900,3
1915,7,73.9,1915-07-15,559,31,365,1900,2,1900,2,1900,3
1915,8,71.6,1915-08-15,560,31,365,1900,2,1900,2,1900,3
1915,9,70,1915-09-15,561,30,365,1900,2,1900,2,1900,3
1915,10,57.7,1915-10-15,562,31,365,1900,2,1900,2,1900,3
1915,11,46.3,1915-11-15,563,30,365,1900,2,1900,2,1900,3
1915,12,33.5,1915-12-15,564,31,365,1900,2,1900,2,1900,3
1916,1,36,1916-01-15,565,31,366,1900,2,1900,2,1900,3
1916,2,27.9,1916-02-15,566,29,366,1900,2,1900,2,1900,3
1916,3,32.4,1916-03-15,567,31,366,1900,2,1900,2,1900,3
1916,4,48.4,1916-04-15,568,30,366,1900,2,1900,2,1900,3
1916,5,61.4,1916-05-15,569,31,366,1900,2,1900,2,1900,3
1916,6,65.7,1916-06-15,570,30,366,1900,2,1900,2,1900,3
1916,7,75.4,1916-07-15,571,31,366,1900,2,1900,2,1900,3
1916,8,74.8,1916-08-15,572,31,366,1900,2,1900,2,1900,3
1916,9,67.4,1916-09-15,573,30,366,1900,2,1900,2,1900,3
1916,10,57.7,1916-10-15,574,31,366,1900,2,1900,2,1900,3
1916,11,45.5,1916-11-15,575,30,366,1900,2,1900,2,1900,3
1916,12,34,1916-12-15,576,31,366,1900,2,1900,2,1900,3
1917,1,32.9,1917-01-15,577,31,365,1900,2,1900,2,1900,3
1917,2,28.3,1917-02-15,578,28,365,1900,2,1900,2,1900,3
1917,3,39.3,1917-03-15,579,31,365,1900,2,1900,2,1900,3
1917,4,48.4,1917-04-15,580,30,365,1900,2,1900,2,1900,3
1917,5,54.3,1917-05-15,581,31,365,1900,2,1900,2,1900,3
1917,6,70.3,1917-06-15,582,30,365,1900,2,1900,2,1900,3
1917,7,75.9,1917-07-15,583,31,365,1900,2,1900,2,1900,3
1917,8,76.2,1917-08-15,584,31,365,1900,2,1900,2,1900,3
1917,9,63.6,1917-09-15,585,30,365,1900,2,1900,2,1900,3
1917,10,53,1917-10-15,586,31,365,1900,2,1900,2,1900,3
1917,11,41.6,1917-11-15,587,30,365,1900,2,1900,2,1900,3
1917,12,25,1917-12-15,588,31,365,1900,2,1900,2,1900,3
1918,1,21.7,1918-01-15,589,31,365,1900,2,1900,2,1900,3
1918,2,30.4,1918-02-15,590,28,365,1900,2,1900,2,1900,3
1918,3,42.1,1918-03-15,591,31,365,1900,2,1900,2,1900,3
1918,4,50.7,1918-04-15,592,30,365,1900,2,1900,2,1900,3
1918,5,65.3,1918-05-15,593,31,365,1900,2,1900,2,1900,3
1918,6,67.8,1918-06-15,594,30,365,1900,2,1900,2,1900,3
1918,7,74.6,1918-07-15,595,31,365,1900,2,1900,2,1900,3
1918,8,76.5,1918-08-15,596,31,365,1900,2,1900,2,1900,3
1918,9,63.9,1918-09-15,597,30,365,1900,2,1900,2,1900,3
1918,10,59,1918-10-15,598,31,365,1900,2,1900,2,1900,3
1918,11,46.6,1918-11-15,599,30,365,1900,2,1900,2,1900,3
1918,12,39.4,1918-12-15,600,31,365,1900,2,1900,2,1900,3
1919,1,35.6,1919-01-15,601,31,365,1900,2,1900,2,1900,3
1919,2,34.9,1919-02-15,602,28,365,1900,2,1900,2,1900,3
1919,3,43.3,1919-03-15,603,31,365,1900,2,1900,2,1900,3
1919,4,50,1919-04-15,604,30,365,1900,2,1900,2,1900,3
1919,5,62,1919-05-15,605,31,365,1900,2,1900,2,1900,3
1919,6,70.9,1919-06-15,606,30,365,1900,2,1900,2,1900,3
1919,7,75.1,1919-07-15,607,31,365,1900,2,1900,2,1900,3
1919,8,71.1,1919-08-15,608,31,365,1900,2,1900,2,1900,3
1919,9,67.6,1919-09-15,609,30,365,1900,2,1900,2,1900,3
1919,10,59.2,1919-10-15,610,31,365,1900,2,1900,2,1900,3
1919,11,45.2,1919-11-15,611,30,365,1900,2,1900,2,1900,3
1919,12,30.2,1919-12-15,612,31,365,1900,2,1900,2,1900,3
1920,1,23.4,1920-01-15,613,31,366,1900,2,1900,2,1900,3
1920,2,28.5,1920-02-15,614,29,366,1900,2,1900,2,1900,3
1920,3,39.9,1920-03-15,615,31,366,1900,2,1900,2,1900,3
1920,4,48.1,1920-04-15,616,30,366,1900,2,1900,2,1900,3
1920,5,58.8,1920-05-15,617,31,366,1900,2,1900,2,1900,3
1920,6,69.2,1920-06-15,618,30,366,1900,2,1900,2,1900,3
1920,7,73.8,1920-07-15,619,31,366,1900,2,1900,2,1900,3
1920,8,74.3,1920-08-15,620,31,366,1900,2,1900,2,1900,3
1920,9,68.5,1920-09-15,621,30,366,1900,2,1900,2,1900,3
1920,10,61.1,1920-10-15,622,31,366,1900,2,1900,2,1900,3
1920,11,44.4,1920-11-15,623,30,366,1900,2,1900,2,1900,3
1920,12,37.3,1920-12-15,624,31,366,1900,2,1900,2,1900,3
1921,1,33.4,1921-01-15,625,31,365,1900,2,1900,2,1900,3
1921,2,34,1921-02-15,626,28,365,1900,2,1900,2,1900,3
1921,3,48.4,1921-03-15,627,31,365,1900,2,1900,2,1900,3
1921,4,56.1,1921-04-15,628,30,365,1900,2,1900,2,1900,3
1921,5,61.2,1921-05-15,629,31,365,1900,2,1900,2,1900,3
1921,6,71.2,1921-06-15,630,30,365,1900,2,1900,2,1900,3
1921,7,77.3,1921-07-15,631,31,365,1900,2,1900,2,1900,3
1921,8,71.6,1921-08-15,632,31,365,1900,2,1900,2,1900,3
1921,9,72.1,1921-09-15,633,30,365,1900,2,1900,2,1900,3
1921,10,56.3,1921-10-15,634,31,365,1900,2,1900,2,1900,3
1921,11,44.7,1921-11-15,635,30,365,1900,2,1900,2,1900,3
1921,12,32.5,1921-12-15,636,31,365,1900,2,1900,2,1900,3
1922,1,28.2,1922-01-15,637,31,365,1900,2,1900,2,1900,3
1922,2,33.6,1922-02-15,638,28,365,1900,2,1900,2,1900,3
1922,3,41,1922-03-15,639,31,365,1900,2,1900,2,1900,3
1922,4,51.5,1922-04-15,640,30,365,1900,2,1900,2,1900,3
1922,5,64.6,1922-05-15,641,31,365,1900,2,1900,2,1900,3
1922,6,71.8,1922-06-15,642,30,365,1900,2,1900,2,1900,3
1922,7,73.7,1922-07-15,643,31,365,1900,2,1900,2,1900,3
1922,8,72.4,1922-08-15,644,31,365,1900,2,1900,2,1900,3
1922,9,68.2,1922-09-15,645,30,365,1900,2,1900,2,1900,3
1922,10,58.2,1922-10-15,646,31,365,1900,2,1900,2,1900,3
1922,11,45.7,1922-11-15,647,30,365,1900,2,1900,2,1900,3
1922,12,33.6,1922-12-15,648,31,365,1900,2,1900,2,1900,3
1923,1,30,1923-01-15,649,31,365,1900,2,1900,2,1900,3
1923,2,26.2,1923-02-15,650,28,365,1900,2,1900,2,1900,3
1923,3,36.8,1923-03-15,651,31,365,1900,2,1900,2,1900,3
1923,4,50.3,1923-04-15,652,30,365,1900,2,1900,2,1900,3
1923,5,60,1923-05-15,653,31,365,1900,2,1900,2,1900,3
1923,6,73.4,1923-06-15,654,30,365,1900,2,1900,2,1900,3
1923,7,73.8,1923-07-15,655,31,365,1900,2,1900,2,1900,3
1923,8,72.6,1923-08-15,656,31,365,1900,2,1900,2,1900,3
1923,9,68.3,1923-09-15,657,30,365,1900,2,1900,2,1900,3
1923,10,56,1923-10-15,658,31,365,1900,2,1900,2,1900,3
1923,11,45.2,1923-11-15,659,30,365,1900,2,1900,2,1900,3
1923,12,42,1923-12-15,660,31,365,1900,2,1900,2,1900,3
1924,1,32.7,1924-01-15,661,31,366,1900,2,1900,2,1900,3
1924,2,28.9,1924-02-15,662,29,366,1900,2,1900,2,1900,3
1924,3,39.2,1924-03-15,663,31,366,1900,2,1900,2,1900,3
1924,4,49.1,1924-04-15,664,30,366,1900,2,1900,2,1900,3
1924,5,57.3,1924-05-15,665,31,366,1900,2,1900,2,1900,3
1924,6,67.8,1924-06-15,666,30,366,1900,2,1900,2,1900,3
1924,7,74.1,1924-07-15,667,31,366,1900,2,1900,2,1900,3
1924,8,74.3,1924-08-15,668,31,366,1900,2,1900,2,1900,3
1924,9,64.1,1924-09-15,669,30,366,1900,2,1900,2,1900,3
1924,10,57.1,1924-10-15,670,31,366,1900,2,1900,2,1900,3
1924,11,44.4,1924-11-15,671,30,366,1900,2,1900,2,1900,3
1924,12,34,1924-12-15,672,31,366,1900,2,1900,2,1900,3
1925,1,28.4,1925-01-15,673,31,365,1900,2,1900,2,1925,4
1925,2,37.9,1925-02-15,674,28,365,1900,2,1900,2,1925,4
1925,3,44.2,1925-03-15,675,31,365,1900,2,1900,2,1925,4
1925,4,51.8,1925-04-15,676,30,365,1900,2,1900,2,1925,4
1925,5,59.6,1925-05-15,677,31,365,1900,2,1900,2,1925,4
1925,6,74.3,1925-06-15,678,30,365,1900,2,1900,2,1925,4
1925,7,73.6,1925-07-15,679,31,365,1900,2,1900,2,1925,4
1925,8,73.3,1925-08-15,680,31,365,1900,2,1900,2,1925,4
1925,9,68.8,1925-09-15,681,30,365,1900,2,1900,2,1925,4
1925,10,50.6,1925-10-15,682,31,365,1900,2,1900,2,1925,4
1925,11,43.9,1925-11-15,683,30,365,1900,2,1900,2,1925,4
1925,12,34.8,1925-12-15,684,31,365,1900,2,1900,2,1925,4
1926,1,32,1926-01-15,685,31,365,1900,2,1900,2,1925,4
1926,2,29.2,1926-02-15,686,28,365,1900,2,1900,2,1925,4
1926,3,35.7,1926-03-15,687,31,365,1900,2,1900,2,1925,4
1926,4,47.3,1926-04-15,688,30,365,1900,2,1900,2,1925,4
1926,5,60.1,1926-05-15,689,31,365,1900,2,1900,2,1925,4
1926,6,66.8,1926-06-15,690,30,365,1900,2,1900,2,1925,4
1926,7,75.1,1926-07-15,691,31,365,1900,2,1900,2,1925,4
1926,8,74,1926-08-15,692,31,365,1900,2,1900,2,1925,4
1926,9,65.7,1926-09-15,693,30,365,1900,2,1900,2,1925,4
1926,10,55.1,1926-10-15,694,31,365,1900,2,1900,2,1925,4
1926,11,44.9,1926-11-15,695,30,365,1900,2,1900,2,1925,4
1926,12,28.9,1926-12-15,696,31,365,1900,2,1900,2,1925,4
1927,1,30.9,1927-01-15,697,31,365,1900,2,1900,2,1925,4
1927,2,36.4,1927-02-15,698,28,365,1900,2,1900,2,1925,4
1927,3,43,1927-03-15,699,31,365,1900,2,1900,2,1925,4
1927,4,48.6,1927-04-15,700,30,365,1900,2,1900,2,1925,4
1927,5,59,1927-05-15,701,31,365,1900,2,1900,2,1925,4
1927,6,67.3,1927-06-15,702,30,365,1900,2,1900,2,1925,4
1927,7,74,1927-07-15,703,31,365,1900,2,1900,2,1925,4
1927,8,68.5,1927-08-15,704,31,365,1900,2,1900,2,1925,4
1927,9,67.9,1927-09-15,705,30,365,1900,2,1900,2,1925,4
1927,10,59.6,1927-10-15,706,31,365,1900,2,1900,2,1925,4
1927,11,49.2,1927-11-15,707,30,365,1900,2,1900,2,1925,4
1927,12,36.7,1927-12-15,708,31,365,1900,2,1900,2,1925,4
1928,1,34,1928-01-15,709,31,366,1900,2,1900,2,1925,4
1928,2,33,1928-02-15,710,29,366,1900,2,1900,2,1925,4
1928,3,38.8,1928-03-15,711,31,366,1900,2,1900,2,1925,4
1928,4,48.4,1928-04-15,712,30,366,1900,2,1900,2,1925,4
1928,5,59.4,1928-05-15,713,31,366,1900,2,1900,2,1925,4
1928,6,67.4,1928-06-15,714,30,366,1900,2,1900,2,1925,4
1928,7,75.9,1928-07-15,715,31,366,1900,2,1900,2,1925,4
1928,8,75.4,1928-08-15,716,31,366,1900,2,1900,2,1925,4
1928,9,64.7,1928-09-15,717,30,366,1900,2,1900,2,1925,4
1928,10,58.9,1928-10-15,718,31,366,1900,2,1900,2,1925,4
1928,11,47.4,1928-11-15,719,30,366,1900,2,1900,2,1925,4
1928,12,39.3,1928-12-15,720,31,366,1900,2,1900,2,1925,4
1929,1,31.9,1929-01-15,721,31,365,1900,2,1900,2,1925,4
1929,2,32.9,1929-02-15,722,28,365,1900,2,1900,2,1925,4
1929,3,45.1,1929-03-15,723,31,365,1900,2,1900,2,1925,4
1929,4,51,1929-04-15,724,30,365,1900,2,1900,2,1925,4
1929,5,61.7,1929-05-15,725,31,365,1900,2,1900,2,1925,4
1929,6,71.5,1929-06-15,726,30,365,1900,2,1900,2,1925,4
1929,7,75.9,1929-07-15,727,31,365,1900,2,1900,2,1925,4
1929,8,73.1,1929-08-15,728,31,365,1900,2,1900,2,1925,4
1929,9,69.4,1929-09-15,729,30,365,1900,2,1900,2,1925,4
1929,10,54.6,1929-10-15,730,31,365,1900,2,1900,2,1925,4
1929,11,46.2,1929-11-15,731,30,365,1900,2,1900,2,1925,4
1929,12,35.8,1929-12-15,732,31,365,1900,2,1900,2,1925,4
1930,1,33.3,1930-01-15,733,31,365,1900,2,1900,2,1925,4
1930,2,37,1930-02-15,734,28,365,1900,2,1900,2,1925,4
1930,3,40.3,1930-03-15,735,31,365,1900,2,1900,2,1925,4
1930,4,48.4,1930-04-15,736,30,365,1900,2,1900,2,1925,4
1930,5,63.7,1930-05-15,737,31,365,1900,2,1900,2,1925,4
1930,6,73.5,1930-06-15,738,30,365,1900,2,1900,2,1925,4
1930,7,76.4,1930-07-15,739,31,365,1900,2,1900,2,1925,4
1930,8,73.6,1930-08-15,740,31,365,1900,2,1900,2,1925,4
1930,9,72,1930-09-15,741,30,365,1900,2,1900,2,1925,4
1930,10,55.6,1930-10-15,742,31,365,1900,2,1900,2,1925,4
1930,11,45.5,1930-11-15,743,30,365,1900,2,1900,2,1925,4
1930,12,34.6,1930-12-15,744,31,365,1900,2,1900,2,1925,4
1931,1,32.8,1931-01-15,745,31,365,1900,2,1900,2,1925,4
1931,2,33.9,1931-02-15,746,28,365,1900,2,1900,2,1925,4
1931,3,40.3,1931-03-15,747,31,365,1900,2,1900,2,1925,4
1931,4,51.1,1931-04-15,748,30,365,1900,2,1900,2,1925,4
1931,5,61.5,1931-05-15,749,31,365,1900,2,1900,2,1925,4
1931,6,70.7,1931-06-15,750,30,365,1900,2,1900,2,1925,4
1931,7,77.5,1931-07-15,751,31,365,1900,2,1900,2,1925,4
1931,8,75.2,1931-08-15,752,31,365,1900,2,1900,2,1925,4
1931,9,72.3,1931-09-15,753,30,365,1900,2,1900,2,1925,4
1931,10,61.3,1931-10-15,754,31,365,1900,2,1900,2,1925,4
1931,11,51.9,1931-11-15,755,30,365,1900,2,1900,2,1925,4
1931,12,41,1931-12-15,756,31,365,1900,2,1900,2,1925,4
1932,1,43.2,1932-01-15,757,31,366,1900,2,1900,2,1925,4
1932,2,36.1,1932-02-15,758,29,366,1900,2,1900,2,1925,4
1932,3,37.3,1932-03-15,759,31,366,1900,2,1900,2,1925,4
1932,4,49,1932-04-15,760,30,366,1900,2,1900,2,1925,4
1932,5,62,1932-05-15,761,31,366,1900,2,1900,2,1925,4
1932,6,70.5,1932-06-15,762,30,366,1900,2,1900,2,1925,4
1932,7,76.1,1932-07-15,763,31,366,1900,2,1900,2,1925,4
1932,8,76.7,1932-08-15,764,31,366,1900,2,1900,2,1925,4
1932,9,69.5,1932-09-15,765,30,366,1900,2,1900,2,1925,4
1932,10,58.5,1932-10-15,766,31,366,1900,2,1900,2,1925,4
1932,11,43.9,1932-11-15,767,30,366,1900,2,1900,2,1925,4
1932,12,39.1,1932-12-15,768,31,366,1900,2,1900,2,1925,4
1933,1,40.3,1933-01-15,769,31,365,1900,2,1900,2,1925,4
1933,2,34.1,1933-02-15,770,28,365,1900,2,1900,2,1925,4
1933,3,38.4,1933-03-15,771,31,365,1900,2,1900,2,1925,4
1933,4,50.4,1933-04-15,772,30,365,1900,2,1900,2,1925,4
1933,5,64.4,1933-05-15,773,31,365,1900,2,1900,2,1925,4
1933,6,72.4,1933-06-15,774,30,365,1900,2,1900,2,1925,4
1933,7,75.8,1933-07-15,775,31,365,1900,2,1900,2,1925,4
1933,8,74.9,1933-08-15,776,31,365,1900,2,1900,2,1925,4
1933,9,69.6,1933-09-15,777,30,365,1900,2,1900,2,1925,4
1933,10,56.1,1933-10-15,778,31,365,1900,2,1900,2,1925,4
1933,11,41.8,1933-11-15,779,30,365,1900,2,1900,2,1925,4
1933,12,32.7,1933-12-15,780,31,365,1900,2,1900,2,1925,4
1934,1,34.7,1934-01-15,781,31,365,1900,2,1900,2,1925,4
1934,2,19.9,1934-02-15,782,28,365,1900,2,1900,2,1925,4
1934,3,37.3,1934-03-15,783,31,365,1900,2,1900,2,1925,4
1934,4,50.3,1934-04-15,784,30,365,1900,2,1900,2,1925,4
1934,5,63.7,1934-05-15,785,31,365,1900,2,1900,2,1925,4
1934,6,73.8,1934-06-15,786,30,365,1900,2,1900,2,1925,4
1934,7,77.7,1934-07-15,787,31,365,1900,2,1900,2,1925,4
1934,8,72,1934-08-15,788,31,365,1900,2,1900,2,1925,4
1934,9,69.2,1934-09-15,789,30,365,1900,2,1900,2,1925,4
1934,10,54.5,1934-10-15,790,31,365,1900,2,1900,2,1925,4
1934,11,48.9,1934-11-15,791,30,365,1900,2,1900,2,1925,4
1934,12,33.4,1934-12-15,792,31,365,1900,2,1900,2,1925,4
1935,1,28.9,1935-01-15,793,31,365,1900,2,1900,2,1925,4
1935,2,31.2,1935-02-15,794,28,365,1900,2,1900,2,1925,4
1935,3,43.4,1935-03-15,795,31,365,1900,2,1900,2,1925,4
1935,4,49.8,1935-04-15,796,30,365,1900,2,1900,2,1925,4
1935,5,59.9,1935-05-15,797,31,365,1900,2,1900,2,1925,4
1935,6,70.1,1935-06-15,798,30,365,1900,2,1900,2,1925,4
1935,7,77.2,1935-07-15,799,31,365,1900,2,1900,2,1925,4
1935,8,74.7,1935-08-15,800,31,365,1900,2,1900,2,1925,4
1935,9,65.3,1935-09-15,801,30,365,1900,2,1900,2,1925,4
1935,10,57.5,1935-10-15,802,31,365,1900,2,1900,2,1925,4
1935,11,48.6,1935-11-15,803,30,365,1900,2,1900,2,1925,4
1935,12,30,1935-12-15,804,31,365,1900,2,1900,2,1925,4
1936,1,29.3,1936-01-15,805,31,366,1900,2,1900,2,1925,4
1936,2,25.7,1936-02-15,806,29,366,1900,2,1900,2,1925,4
1936,3,45.2,1936-03-15,807,31,366,1900,2,1900,2,1925,4
1936,4,47.9,1936-04-15,808,30,366,1900,2,1900,2,1925,4
1936,5,64.4,1936-05-15,809,31,366,1900,2,1900,2,1925,4
1936,6,69.8,1936-06-15,810,30,366,1900,2,1900,2,1925,4
1936,7,76.2,1936-07-15,811,31,366,1900,2,1900,2,1925,4
1936,8,75.4,1936-08-15,812,31,366,1900,2,1900,2,1925,4
1936,9,68.2,1936-09-15,813,30,366,1900,2,1900,2,1925,4
1936,10,57.6,1936-10-15,814,31,366,1900,2,1900,2,1925,4
1936,11,42.7,1936-11-15,815,30,366,1900,2,1900,2,1925,4
1936,12,38.6,1936-12-15,816,31,366,1900,2,1900,2,1925,4
1937,1,40.2,1937-01-15,817,31,365,1900,2,1900,2,1925,4
1937,2,34.8,1937-02-15,818,28,365,1900,2,1900,2,1925,4
1937,3,36.5,1937-03-15,819,31,365,1900,2,1900,2,1925,4
1937,4,49.6,1937-04-15,820,30,365,1900,2,1900,2,1925,4
1937,5,64.2,1937-05-15,821,31,365,1900,2,1900,2,1925,4
1937,6,71.8,1937-06-15,822,30,365,1900,2,1900,2,1925,4
1937,7,76.6,1937-07-15,823,31,365,1900,2,1900,2,1925,4
1937,8,76.6,1937-08-15,824,31,365,1900,2,1900,2,1925,4
1937,9,66,1937-09-15,825,30,365,1900,2,1900,2,1925,4
1937,10,55.4,1937-10-15,826,31,365,1900,2,1900,2,1925,4
1937,11,46.4,1937-11-15,827,30,365,1900,2,1900,2,1925,4
1937,12,35.4,1937-12-15,828,31,365,1900,2,1900,2,1925,4
1938,1,32.1,1938-01-15,829,31,365,1900,2,1900,2,1925,4
1938,2,35.4,1938-02-15,830,28,365,1900,2,1900,2,1925,4
1938,3,44.2,1938-03-15,831,31,365,1900,2,1900,2,1925,4
1938,4,53.7,1938-04-15,832,30,365,1900,2,1900,2,1925,4
1938,5,60.8,1938-05-15,833,31,365,1900,2,1900,2,1925,4
1938,6,70.3,1938-06-15,834,30,365,1900,2,1900,2,1925,4
1938,7,76.6,1938-07-15,835,31,365,1900,2,1900,2,1925,4
1938,8,78.2,1938-08-15,836,31,365,1900,2,1900,2,1925,4
1938,9,66,1938-09-15,837,30,365,1900,2,1900,2,1925,4
1938,10,59.8,1938-10-15,838,31,365,1900,2,1900,2,1925,4
1938,11,48.3,1938-11-15,839,30,365,1900,2,1900,2,1925,4
1938,12,37,1938-12-15,840,31,365,1900,2,1900,2,1925,4
1939,1,32.2,1939-01-15,841,31,365,1900,2,1900,2,1925,4
1939,2,37,1939-02-15,842,28,365,1900,2,1900,2,1925,4
1939,3,39.2,1939-03-15,843,31,365,1900,2,1900,2,1925,4
1939,4,48.3,1939-04-15,844,30,365,1900,2,1900,2,1925,4
1939,5,64.9,1939-05-15,845,31,365,1900,2,1900,2,1925,4
1939,6,73,1939-06-15,846,30,365,1900,2,1900,2,1925,4
1939,7,76.6,1939-07-15,847,31,365,1900,2,1900,2,1925,4
1939,8,78.1,1939-08-15,848,31,365,1900,2,1900,2,1925,4
1939,9,68.6,1939-09-15,849,30,365,1900,2,1900,2,1925,4
1939,10,57.3,1939-10-15,850,31,365,1900,2,1900,2,1925,4
1939,11,43.7,1939-11-15,851,30,365,1900,2,1900,2,1925,4
1939,12,36.9,1939-12-15,852,31,365,1900,2,1900,2,1925,4
1940,1,25,1940-01-15,853,31,366,1900,2,1900,2,1925,4
1940,2,32.9,1940-02-15,854,29,366,1900,2,1900,2,1925,4
1940,3,35.1,1940-03-15,855,31,366,1900,2,1900,2,1925,4
1940,4,46.8,1940-04-15,856,30,366,1900,2,1900,2,1925,4
1940,5,60.7,1940-05-15,857,31,366,1900,2,1900,2,1925,4
1940,6,70.4,1940-06-15,858,30,366,1900,2,1900,2,1925,4
1940,7,76.2,1940-07-15,859,31,366,1900,2,1900,2,1925,4
1940,8,71.4,1940-08-15,860,31,366,1900,2,1900,2,1925,4
1940,9,66.6,1940-09-15,861,30,366,1900,2,1900,2,1925,4
1940,10,53.8,1940-10-15,862,31,366,1900,2,1900,2,1925,4
1940,11,45.3,1940-11-15,863,30,366,1900,2,1900,2,1925,4
1940,12,38.4,1940-12-15,864,31,366,1900,2,1900,2,1925,4
1941,1,29.4,1941-01-15,865,31,365,1900,2,1900,2,1925,4
1941,2,31.1,1941-02-15,866,28,365,1900,2,1900,2,1925,4
1941,3,35.9,1941-03-15,867,31,365,1900,2,1900,2,1925,4
1941,4,56.9,1941-04-15,868,30,365,1900,2,1900,2,1925,4
1941,5,64.8,1941-05-15,869,31,365,1900,2,1900,2,1925,4
1941,6,71.9,1941-06-15,870,30,365,1900,2,1900,2,1925,4
1941,7,75.8,1941-07-15,871,31,365,1900,2,1900,2,1925,4
1941,8,74,1941-08-15,872,31,365,1900,2,1900,2,1925,4
1941,9,70,1941-09-15,873,30,365,1900,2,1900,2,1925,4
1941,10,60.7,1941-10-15,874,31,365,1900,2,1900,2,1925,4
1941,11,50,1941-11-15,875,30,365,1900,2,1900,2,1925,4
1941,12,38.3,1941-12-15,876,31,365,1900,2,1900,2,1925,4
1942,1,30.7,1942-01-15,877,31,365,1900,2,1900,2,1925,4
1942,2,29.7,1942-02-15,878,28,365,1900,2,1900,2,1925,4
1942,3,43,1942-03-15,879,31,365,1900,2,1900,2,1925,4
1942,4,53.8,1942-04-15,880,30,365,1900,2,1900,2,1925,4
1942,5,65.3,1942-05-15,881,31,365,1900,2,1900,2,1925,4
1942,6,71,1942-06-15,882,30,365,1900,2,1900,2,1925,4
1942,7,76.3,1942-07-15,883,31,365,1900,2,1900,2,1925,4
1942,8,73.6,1942-08-15,884,31,365,1900,2,1900,2,1925,4
1942,9,68.3,1942-09-15,885,30,365,1900,2,1900,2,1925,4
1942,10,58.8,1942-10-15,886,31,365,1900,2,1900,2,1925,4
1942,11,47,1942-11-15,887,30,365,1900,2,1900,2,1925,4
1942,12,31.1,1942-12-15,888,31,365,1900,2,1900,2,1925,4
1943,1,30.8,1943-01-15,889,31,365,1900,2,1900,2,1925,4
1943,2,34.6,1943-02-15,890,28,365,1900,2,1900,2,1925,4
1943,3,40.2,1943-03-15,891,31,365,1900,2,1900,2,1925,4
1943,4,46.1,1943-04-15,892,30,365,1900,2,1900,2,1925,4
1943,5,62.6,1943-05-15,893,31,365,1900,2,1900,2,1925,4
1943,6,76.2,1943-06-15,894,30,365,1900,2,1900,2,1925,4
1943,7,76.9,1943-07-15,895,31,365,1900,2,1900,2,1925,4
1943,8,75.9,1943-08-15,896,31,365,1900,2,1900,2,1925,4
1943,9,67.4,1943-09-15,897,30,365,1900,2,1900,2,1925,4
1943,10,55.7,1943-10-15,898,31,365,1900,2,1900,2,1925,4
1943,11,45.4,1943-11-15,899,30,365,1900,2,1900,2,1925,4
1943,12,33,1943-12-15,900,31,365,1900,2,1900,2,1925,4
1944,1,33.9,1944-01-15,901,31,366,1900,2,1900,2,1925,4
1944,2,33.2,1944-02-15,902,29,366,1900,2,1900,2,1925,4
1944,3,37.6,1944-03-15,903,31,366,1900,2,1900,2,1925,4
1944,4,48.9,1944-04-15,904,30,366,1900,2,1900,2,1925,4
1944,5,67,1944-05-15,905,31,366,1900,2,1900,2,1925,4
1944,6,72.3,1944-06-15,906,30,366,1900,2,1900,2,1925,4
1944,7,79.4,1944-07-15,907,31,366,1900,2,1900,2,1925,4
1944,8,77.8,1944-08-15,908,31,366,1900,2,1900,2,1925,4
1944,9,70.1,1944-09-15,909,30,366,1900,2,1900,2,1925,4
1944,10,57.1,1944-10-15,910,31,366,1900,2,1900,2,1925,4
1944,11,46,1944-11-15,911,30,366,1900,2,1900,2,1925,4
1944,12,32.4,1944-12-15,912,31,366,1900,2,1900,2,1925,4
1945,1,25.1,1945-01-15,913,31,365,1900,2,1900,2,1925,4
1945,2,33.9,1945-02-15,914,28,365,1900,2,1900,2,1925,4
1945,3,51.1,1945-03-15,915,31,365,1900,2,1900,2,1925,4
1945,4,55.6,1945-04-15,916,30,365,1900,2,1900,2,1925,4
1945,5,59.2,1945-05-15,917,31,365,1900,2,1900,2,1925,4
1945,6,70.9,1945-06-15,918,30,365,1900,2,1900,2,1925,4
1945,7,74.6,1945-07-15,919,31,365,1900,2,1900,2,1925,4
1945,8,73.4,1945-08-15,920,31,365,1900,2,1900,2,1925,4
1945,9,70.3,1945-09-15,921,30,365,1900,2,1900,2,1925,4
1945,10,56.2,1945-10-15,922,31,365,1900,2,1900,2,1925,4
1945,11,47.6,1945-11-15,923,30,365,1900,2,1900,2,1925,4
1945,12,31,1945-12-15,924,31,365,1900,2,1900,2,1925,4
1946,1,34.1,1946-01-15,925,31,365,1900,2,1900,2,1925,4
1946,2,31.7,1946-02-15,926,28,365,1900,2,1900,2,1925,4
1946,3,49.8,1946-03-15,927,31,365,1900,2,1900,2,1925,4
1946,4,50.4,1946-04-15,928,30,365,1900,2,1900,2,1925,4
1946,5,61.9,1946-05-15,929,31,365,1900,2,1900,2,1925,4
1946,6,69.7,1946-06-15,930,30,365,1900,2,1900,2,1925,4
1946,7,75.4,1946-07-15,931,31,365,1900,2,1900,2,1925,4
1946,8,70.9,1946-08-15,932,31,365,1900,2,1900,2,1925,4
1946,9,69.8,1946-09-15,933,30,365,1900,2,1900,2,1925,4
1946,10,61.7,1946-10-15,934,31,365,1900,2,1900,2,1925,4
1946,11,50.5,1946-11-15,935,30,365,1900,2,1900,2,1925,4
1946,12,37.9,1946-12-15,936,31,365,1900,2,1900,2,1925,4
1947,1,37.2,1947-01-15,937,31,365,1900,2,1900,2,1925,4
1947,2,29.3,1947-02-15,938,28,365,1900,2,1900,2,1925,4
1947,3,37.8,1947-03-15,939,31,365,1900,2,1900,2,1925,4
1947,4,50.5,1947-04-15,940,30,365,1900,2,1900,2,1925,4
1947,5,59.9,1947-05-15,941,31,365,1900,2,1900,2,1925,4
1947,6,68.4,1947-06-15,942,30,365,1900,2,1900,2,1925,4
1947,7,75.5,1947-07-15,943,31,365,1900,2,1900,2,1925,4
1947,8,76,1947-08-15,944,31,365,1900,2,1900,2,1925,4
1947,9,68.6,1947-09-15,945,30,365,1900,2,1900,2,1925,4
1947,10,63.6,1947-10-15,946,31,365,1900,2,1900,2,1925,4
1947,11,44.2,1947-11-15,947,30,365,1900,2,1900,2,1925,4
1947,12,34,1947-12-15,948,31,365,1900,2,1900,2,1925,4
1948,1,25.4,1948-01-15,949,31,366,1900,2,1900,2,1925,4
1948,2,30.7,1948-02-15,950,29,366,1900,2,1900,2,1925,4
1948,3,42.1,1948-03-15,951,31,366,1900,2,1900,2,1925,4
1948,4,51,1948-04-15,952,30,366,1900,2,1900,2,1925,4
1948,5,60.2,1948-05-15,953,31,366,1900,2,1900,2,1925,4
1948,6,69.4,1948-06-15,954,30,366,1900,2,1900,2,1925,4
1948,7,77.2,1948-07-15,955,31,366,1900,2,1900,2,1925,4
1948,8,75.2,1948-08-15,956,31,366,1900,2,1900,2,1925,4
1948,9,70.3,1948-09-15,957,30,366,1900,2,1900,2,1925,4
1948,10,56.7,1948-10-15,958,31,366,1900,2,1900,2,1925,4
1948,11,52.4,1948-11-15,959,30,366,1900,2,1900,2,1925,4
1948,12,38.3,1948-12-15,960,31,366,1900,2,1900,2,1925,4
1949,1,38.6,1949-01-15,961,31,365,1900,2,1900,2,1925,4
1949,2,38.6,1949-02-15,962,28,365,1900,2,1900,2,1925,4
1949,3,42.9,1949-03-15,963,31,365,1900,2,1900,2,1925,4
1949,4,53.8,1949-04-15,964,30,365,1900,2,1900,2,1925,4
1949,5,63.1,1949-05-15,965,31,365,1900,2,1900,2,1925,4
1949,6,74.3,1949-06-15,966,30,365,1900,2,1900,2,1925,4
1949,7,79.6,1949-07-15,967,31,365,1900,2,1900,2,1925,4
1949,8,76.7,1949-08-15,968,31,365,1900,2,1900,2,1925,4
1949,9,66.2,1949-09-15,969,30,365,1900,2,1900,2,1925,4
1949,10,63.1,1949-10-15,970,31,365,1900,2,1900,2,1925,4
1949,11,46.3,1949-11-15,971,30,365,1900,2,1900,2,1925,4
1949,12,39.4,1949-12-15,972,31,365,1900,2,1900,2,1925,4
1950,1,41.4,1950-01-15,973,31,365,1900,2,1950,3,1950,5
1950,2,31.6,1950-02-15,974,28,365,1900,2,1950,3,1950,5
1950,3,36.4,1950-03-15,975,31,365,1900,2,1950,3,1950,5
1950,4,48.5,1950-04-15,976,30,365,1900,2,1950,3,1950,5
1950,5,58.8,1950-05-15,977,31,365,1900,2,1950,3,1950,5
1950,6,70.3,1950-06-15,978,30,365,1900,2,1950,3,1950,5
1950,7,75,1950-07-15,979,31,365,1900,2,1950,3,1950,5
1950,8,73.1,1950-08-15,980,31,365,1900,2,1950,3,1950,5
1950,9,64.8,1950-09-15,981,30,365,1900,2,1950,3,1950,5
1950,10,60,1950-10-15,982,31,365,1900,2,1950,3,1950,5
1950,11,48.4,1950-11-15,983,30,365,1900,2,1950,3,1950,5
1950,12,35,1950-12-15,984,31,365,1900,2,1950,3,1950,5
1951,1,36.5,1951-01-15,985,31,365,1900,2,1950,3,1950,5
1951,2,36.2,1951-02-15,986,28,365,1900,2,1950,3,1950,5
1951,3,41.5,1951-03-15,987,31,365,1900,2,1950,3,1950,5
1951,4,53,1951-04-15,988,30,365,1900,2,1950,3,1950,5
1951,5,63.3,1951-05-15,989,31,365,1900,2,1950,3,1950,5
1951,6,69.8,1951-06-15,990,30,365,1900,2,1950,3,1950,5
1951,7,76.8,1951-07-15,991,31,365,1900,2,1950,3,1950,5
1951,8,74.5,1951-08-15,992,31,365,1900,2,1950,3,1950,5
1951,9,68.2,1951-09-15,993,30,365,1900,2,1950,3,1950,5
1951,10,58.6,1951-10-15,994,31,365,1900,2,1950,3,1950,5
1951,11,43.5,1951-11-15,995,30,365,1900,2,1950,3,1950,5
1951,12,38.6,1951-12-15,996,31,365,1900,2,1950,3,1950,5
1952,1,36.2,1952-01-15,997,31,366,1900,2,1950,3,1950,5
1952,2,36.2,1952-02-15,998,29,366,1900,2,1950,3,1950,5
1952,3,40.2,1952-03-15,999,31,366,1900,2,1950,3,1950,5
1952,4,55,1952-04-15,1000,30,366,1900,2,1950,3,1950,5
1952,5,60.7,1952-05-15,1001,31,366,1900,2,1950,3,1950,5
1952,6,73.6,1952-06-15,1002,30,366,1900,2,1950,3,1950,5
1952,7,80.3,1952-07-15,1003,31,366,1900,2,1950,3,1950,5
1952,8,74.9,1952-08-15,1004,31,366,1900,2,1950,3,1950,5
1952,9,69.9,1952-09-15,1005,30,366,1900,2,1950,3,1950,5
1952,10,55.7,1952-10-15,1006,31,366,1900,2,1950,3,1950,5
1952,11,48.6,1952-11-15,1007,30,366,1900,2,1950,3,1950,5
1952,12,38.4,1952-12-15,1008,31,366,1900,2,1950,3,1950,5
1953,1,37.6,1953-01-15,1009,31,365,1900,2,1950,3,1950,5
1953,2,38.4,1953-02-15,1010,28,365,1900,2,1950,3,1950,5
1953,3,43.4,1953-03-15,1011,31,365,1900,2,1950,3,1950,5
1953,4,52.3,1953-04-15,1012,30,365,1900,2,1950,3,1950,5
1953,5,63.4,1953-05-15,1013,31,365,1900,2,1950,3,1950,5
1953,6,73.6,1953-06-15,1014,30,365,1900,2,1950,3,1950,5
1953,7,77.8,1953-07-15,1015,31,365,1900,2,1950,3,1950,5
1953,8,75.8,1953-08-15,1016,31,365,1900,2,1950,3,1950,5
1953,9,70.4,1953-09-15,1017,30,365,1900,2,1950,3,1950,5
1953,10,60.7,1953-10-15,1018,31,365,1900,2,1950,3,1950,5
1953,11,49.7,1953-11-15,1019,30,365,1900,2,1950,3,1950,5
1953,12,41.3,1953-12-15,1020,31,365,1900,2,1950,3,1950,5
1954,1,30.8,1954-01-15,1021,31,365,1900,2,1950,3,1950,5
1954,2,40.1,1954-02-15,1022,28,365,1900,2,1950,3,1950,5
1954,3,41.6,1954-03-15,1023,31,365,1900,2,1950,3,1950,5
1954,4,53.8,1954-04-15,1024,30,365,1900,2,1950,3,1950,5
1954,5,59.8,1954-05-15,1025,31,365,1900,2,1950,3,1950,5
1954,6,71.6,1954-06-15,1026,30,365,1900,2,1950,3,1950,5
1954,7,76.7,1954-07-15,1027,31,365,1900,2,1950,3,1950,5
1954,8,72.8,1954-08-15,1028,31,365,1900,2,1950,3,1950,5
1954,9,67.4,1954-09-15,1029,30,365,1900,2,1950,3,1950,5
1954,10,61.7,1954-10-15,1030,31,365,1900,2,1950,3,1950,5
1954,11,46.4,1954-11-15,1031,30,365,1900,2,1950,3,1950,5
1954,12,35.9,1954-12-15,1032,31,365,1900,2,1950,3,1950,5
1955,1,31,1955-01-15,1033,31,365,1900,2,1950,3,1950,5
1955,2,35,1955-02-15,1034,28,365,1900,2,1950,3,1950,5
1955,3,41.7,1955-03-15,1035,31,365,1900,2,1950,3,1950,5
1955,4,53.5,1955-04-15,1036,30,365,1900,2,1950,3,1950,5
1955,5,65.4,1955-05-15,1037,31,365,1900,2,1950,3,1950,5
1955,6,68.9,1955-06-15,1038,30,365,1900,2,1950,3,1950,5
1955,7,80.9,1955-07-15,1039,31,365,1900,2,1950,3,1950,5
1955,8,78.1,1955-08-15,1040,31,365,1900,2,1950,3,1950,5
1955,9,67.8,1955-09-15,1041,30,365,1900,2,1950,3,1950,5
1955,10,59.8,1955-10-15,1042,31,365,1900,2,1950,3,1950,5
1955,11,44.3,1955-11-15,1043,30,365,1900,2,1950,3,1950,5
1955,12,29.7,1955-12-15,1044,31,365,1900,2,1950,3,1950,5
1956,1,32,1956-01-15,1045,31,366,1900,2,1950,3,1950,5
1956,2,36.6,1956-02-15,1046,29,366,1900,2,1950,3,1950,5
1956,3,37.4,1956-03-15,1047,31,366,1900,2,1950,3,1950,5
1956,4,48.2,1956-04-15,1048,30,366,1900,2,1950,3,1950,5
1956,5,58.7,1956-05-15,1049,31,366,1900,2,1950,3,1950,5
1956,6,71.4,1956-06-15,1050,30,366,1900,2,1950,3,1950,5
1956,7,72.9,1956-07-15,1051,31,366,1900,2,1950,3,1950,5
1956,8,74.2,1956-08-15,1052,31,366,1900,2,1950,3,1950,5
1956,9,64.8,1956-09-15,1053,30,366,1900,2,1950,3,1950,5
1956,10,58.1,1956-10-15,1054,31,366,1900,2,1950,3,1950,5
1956,11,46.7,1956-11-15,1055,30,366,1900,2,1950,3,1950,5
1956,12,40.9,1956-12-15,1056,31,366,1900,2,1950,3,1950,5
1957,1,28.5,1957-01-15,1057,31,365,1900,2,1950,3,1950,5
1957,2,37.3,1957-02-15,1058,28,365,1900,2,1950,3,1950,5
1957,3,41.9,1957-03-15,1059,31,365,1900,2,1950,3,1950,5
1957,4,53.2,1957-04-15,1060,30,365,1900,2,1950,3,1950,5
1957,5,63.1,1957-05-15,1061,31,365,1900,2,1950,3,1950,5
1957,6,74.3,1957-06-15,1062,30,365,1900,2,1950,3,1950,5
1957,7,77.7,1957-07-15,1063,31,365,1900,2,1950,3,1950,5
1957,8,73.6,1957-08-15,1064,31,365,1900,2,1950,3,1950,5
1957,9,69.7,1957-09-15,1065,30,365,1900,2,1950,3,1950,5
1957,10,56.2,1957-10-15,1066,31,365,1900,2,1950,3,1950,5
1957,11,49.4,1957-11-15,1067,30,365,1900,2,1950,3,1950,5
1957,12,40.2,1957-12-15,1068,31,365,1900,2,1950,3,1950,5
1958,1,31.9,1958-01-15,1069,31,365,1900,2,1950,3,1950,5
1958,2,27.4,1958-02-15,1070,28,365,1900,2,1950,3,1950,5
1958,3,40.3,1958-03-15,1071,31,365,1900,2,1950,3,1950,5
1958,4,52.9,1958-04-15,1072,30,365,1900,2,1950,3,1950,5
1958,5,59.1,1958-05-15,1073,31,365,1900,2,1950,3,1950,5
1958,6,67.2,1958-06-15,1074,30,365,1900,2,1950,3,1950,5
1958,7,76.1,1958-07-15,1075,31,365,1900,2,1950,3,1950,5
1958,8,75.2,1958-08-15,1076,31,365,1900,2,1950,3,1950,5
1958,9,67.6,1958-09-15,1077,30,365,1900,2,1950,3,1950,5
1958,10,55.5,1958-10-15,1078,31,365,1900,2,1950,3,1950,5
1958,11,47.9,1958-11-15,1079,30,365,1900,2,1950,3,1950,5
1958,12,29.4,1958-12-15,1080,31,365,1900,2,1950,3,1950,5
1959,1,31.1,1959-01-15,1081,31,365,1900,2,1950,3,1950,5
1959,2,32.1,1959-02-15,1082,28,365,1900,2,1950,3,1950,5
1959,3,40.1,1959-03-15,1083,31,365,1900,2,1950,3,1950,5
1959,4,53.8,1959-04-15,1084,30,365,1900,2,1950,3,1950,5
1959,5,66.4,1959-05-15,1085,31,365,1900,2,1950,3,1950,5
1959,6,71.2,1959-06-15,1086,30,365,1900,2,1950,3,1950,5
1959,7,76.3,1959-07-15,1087,31,365,1900,2,1950,3,1950,5
1959,8,77.5,1959-08-15,1088,31,365,1900,2,1950,3,1950,5
1959,9,72.3,1959-09-15,1089,30,365,1900,2,1950,3,1950,5
1959,10,59.8,1959-10-15,1090,31,365,1900,2,1950,3,1950,5
1959,11,45.8,1959-11-15,1091,30,365,1900,2,1950,3,1950,5
1959,12,38.4,1959-12-15,1092,31,365,1900,2,1950,3,1950,5
1960,1,33.9,1960-01-15,1093,31,366,1900,2,1950,3,1950,5
1960,2,36.3,1960-02-15,1094,29,366,1900,2,1950,3,1950,5
1960,3,33.3,1960-03-15,1095,31,366,1900,2,1950,3,1950,5
1960,4,54.1,1960-04-15,1096,30,366,1900,2,1950,3,1950,5
1960,5,62.6,1960-05-15,1097,31,366,1900,2,1950,3,1950,5
1960,6,71.8,1960-06-15,1098,30,366,1900,2,1950,3,1950,5
1960,7,74.6,1960-07-15,1099,31,366,1900,2,1950,3,1950,5
1960,8,74.9,1960-08-15,1100,31,366,1900,2,1950,3,1950,5
1960,9,68,1960-09-15,1101,30,366,1900,2,1950,3,1950,5
1960,10,58.1,1960-10-15,1102,31,366,1900,2,1950,3,1950,5
1960,11,49.7,1960-11-15,1103,30,366,1900,2,1950,3,1950,5
1960,12,30.9,1960-12-15,1104,31,366,1900,2,1950,3,1950,5
1961,1,27.7,1961-01-15,1105,31,365,1900,2,1950,3,1950,5
1961,2,36.7,1961-02-15,1106,28,365,1900,2,1950,3,1950,5
1961,3,41.5,1961-03-15,1107,31,365,1900,2,1950,3,1950,5
1961,4,49,1961-04-15,1108,30,365,1900,2,1950,3,1950,5
1961,5,59.9,1961-05-15,1109,31,365,1900,2,1950,3,1950,5
1961,6,72.3,1961-06-15,1110,30,365,1900,2,1950,3,1950,5
1961,7,78.1,1961-07-15,1111,31,365,1900,2,1950,3,1950,5
1961,8,76.4,1961-08-15,1112,31,365,1900,2,1950,3,1950,5
1961,9,73.6,1961-09-15,1113,30,365,1900,2,1950,3,1950,5
1961,10,61.1,1961-10-15,1114,31,365,1900,2,1950,3,1950,5
1961,11,48.8,1961-11-15,1115,30,365,1900,2,1950,3,1950,5
1961,12,35.5,1961-12-15,1116,31,365,1900,2,1950,3,1950,5
1962,1,32.6,1962-01-15,1117,31,365,1900,2,1950,3,1950,5
1962,2,31.8,1962-02-15,1118,28,365,1900,2,1950,3,1950,5
1962,3,43.1,1962-03-15,1119,31,365,1900,2,1950,3,1950,5
1962,4,53.3,1962-04-15,1120,30,365,1900,2,1950,3,1950,5
1962,5,64.5,1962-05-15,1121,31,365,1900,2,1950,3,1950,5
1962,6,72.5,1962-06-15,1122,30,365,1900,2,1950,3,1950,5
1962,7,74,1962-07-15,1123,31,365,1900,2,1950,3,1950,5
1962,8,72.4,1962-08-15,1124,31,365,1900,2,1950,3,1950,5
1962,9,64.9,1962-09-15,1125,30,365,1900,2,1950,3,1950,5
1962,10,57.4,1962-10-15,1126,31,365,1900,2,1950,3,1950,5
1962,11,43.2,1962-11-15,1127,30,365,1900,2,1950,3,1950,5
1962,12,31.5,1962-12-15,1128,31,365,1900,2,1950,3,1950,5
1963,1,30.1,1963-01-15,1129,31,365,1900,2,1950,3,1950,5
1963,2,28.3,1963-02-15,1130,28,365,1900,2,1950,3,1950,5
1963,3,43.7,1963-03-15,1131,31,365,1900,2,1950,3,1950,5
1963,4,53.7,1963-04-15,1132,30,365,1900,2,1950,3,1950,5
1963,5,61.1,1963-05-15,1133,31,365,1900,2,1950,3,1950,5
1963,6,70.9,1963-06-15,1134,30,365,1900,2,1950,3,1950,5
1963,7,76.4,1963-07-15,1135,31,365,1900,2,1950,3,1950,5
1963,8,72.1,1963-08-15,1136,31,365,1900,2,1950,3,1950,5
1963,9,63.1,1963-09-15,1137,30,365,1900,2,1950,3,1950,5
1963,10,61.8,1963-10-15,1138,31,365,1900,2,1950,3,1950,5
1963,11,50.4,1963-11-15,1139,30,365,1900,2,1950,3,1950,5
1963,12,31.2,1963-12-15,1140,31,365,1900,2,1950,3,1950,5
1964,1,35.7,1964-01-15,1141,31,366,1900,2,1950,3,1950,5
1964,2,32.9,1964-02-15,1142,29,366,1900,2,1950,3,1950,5
1964,3,43.1,1964-03-15,1143,31,366,1900,2,1950,3,1950,5
1964,4,49.7,1964-04-15,1144,30,366,1900,2,1950,3,1950,5
1964,5,65.4,1964-05-15,1145,31,366,1900,2,1950,3,1950,5
1964,6,71.6,1964-06-15,1146,30,366,1900,2,1950,3,1950,5
1964,7,75.4,1964-07-15,1147,31,366,1900,2,1950,3,1950,5
1964,8,72.9,1964-08-15,1148,31,366,1900,2,1950,3,1950,5
1964,9,67.2,1964-09-15,1149,30,366,1900,2,1950,3,1950,5
1964,10,55,1964-10-15,1150,31,366,1900,2,1950,3,1950,5
1964,11,49.4,1964-11-15,1151,30,366,1900,2,1950,3,1950,5
1964,12,36.4,1964-12-15,1152,31,366,1900,2,1950,3,1950,5
1965,1,29.7,1965-01-15,1153,31,365,1900,2,1950,3,1950,5
1965,2,33.9,1965-02-15,1154,28,365,1900,2,1950,3,1950,5
1965,3,40,1965-03-15,1155,31,365,1900,2,1950,3,1950,5
1965,4,50.6,1965-04-15,1156,30,365,1900,2,1950,3,1950,5
1965,5,66.4,1965-05-15,1157,31,365,1900,2,1950,3,1950,5
1965,6,70.1,1965-06-15,1158,30,365,1900,2,1950,3,1950,5
1965,7,74.3,1965-07-15,1159,31,365,1900,2,1950,3,1950,5
1965,8,73.2,1965-08-15,1160,31,365,1900,2,1950,3,1950,5
1965,9,67.5,1965-09-15,1161,30,365,1900,2,1950,3,1950,5
1965,10,57.3,1965-10-15,1162,31,365,1900,2,1950,3,1950,5
1965,11,46.8,1965-11-15,1163,30,365,1900,2,1950,3,1950,5
1965,12,40.5,1965-12-15,1164,31,365,1900,2,1950,3,1950,5
1966,1,32.2,1966-01-15,1165,31,365,1900,2,1950,3,1950,5
1966,2,35.1,1966-02-15,1166,28,365,1900,2,1950,3,1950,5
1966,3,42.7,1966-03-15,1167,31,365,1900,2,1950,3,1950,5
1966,4,49.7,1966-04-15,1168,30,365,1900,2,1950,3,1950,5
1966,5,61.6,1966-05-15,1169,31,365,1900,2,1950,3,1950,5
1966,6,75.4,1966-06-15,1170,30,365,1900,2,1950,3,1950,5
1966,7,79.7,1966-07-15,1171,31,365,1900,2,1950,3,1950,5
1966,8,76.9,1966-08-15,1172,31,365,1900,2,1950,3,1950,5
1966,9,66.5,1966-09-15,1173,30,365,1900,2,1950,3,1950,5
1966,10,56.2,1966-10-15,1174,31,365,1900,2,1950,3,1950,5
1966,11,48.9,1966-11-15,1175,30,365,1900,2,1950,3,1950,5
1966,12,35.7,1966-12-15,1176,31,365,1900,2,1950,3,1950,5
1967,1,37.4,1967-01-15,1177,31,365,1900,2,1950,3,1950,5
1967,2,29.2,1967-02-15,1178,28,365,1900,2,1950,3,1950,5
1967,3,37.6,1967-03-15,1179,31,365,1900,2,1950,3,1950,5
1967,4,49.6,1967-04-15,1180,30,365,1900,2,1950,3,1950,5
1967,5,55.2,1967-05-15,1181,31,365,1900,2,1950,3,1950,5
1967,6,72.8,1967-06-15,1182,30,365,1900,2,1950,3,1950,5
1967,7,75.3,1967-07-15,1183,31,365,1900,2,1950,3,1950,5
1967,8,73.9,1967-08-15,1184,31,365,1900,2,1950,3,1950,5
1967,9,66.7,1967-09-15,1185,30,365,1900,2,1950,3,1950,5
1967,10,57.2,1967-10-15,1186,31,365,1900,2,1950,3,1950,5
1967,11,42.5,1967-11-15,1187,30,365,1900,2,1950,3,1950,5
1967,12,38.2,1967-12-15,1188,31,365,1900,2,1950,3,1950,5
1968,1,26.7,1968-01-15,1189,31,366,1900,2,1950,3,1950,5
1968,2,28.9,1968-02-15,1190,29,366,1900,2,1950,3,1950,5
1968,3,43.3,1968-03-15,1191,31,366,1900,2,1950,3,1950,5
1968,4,55,1968-04-15,1192,30,366,1900,2,1950,3,1950,5
1968,5,59.6,1968-05-15,1193,31,366,1900,2,1950,3,1950,5
1968,6,69.7,1968-06-15,1194,30,366,1900,2,1950,3,1950,5
1968,7,77.3,1968-07-15,1195,31,366,1900,2,1950,3,1950,5
1968,8,76,1968-08-15,1196,31,366,1900,2,1950,3,1950,5
1968,9,70.6,1968-09-15,1197,30,366,1900,2,1950,3,1950,5
1968,10,60.5,1968-10-15,1198,31,366,1900,2,1950,3,1950,5
1968,11,46.9,1968-11-15,1199,30,366,1900,2,1950,3,1950,5
1968,12,34.3,1968-12-15,1200,31,366,1900,2,1950,3,1950,5
1969,1,31.8,1969-01-15,1201,31,365,1900,2,1950,3,1950,5
1969,2,32.6,1969-02-15,1202,28,365,1900,2,1950,3,1950,5
1969,3,40.1,1969-03-15,1203,31,365,1900,2,1950,3,1950,5
1969,4,55.9,1969-04-15,1204,30,365,1900,2,1950,3,1950,5
1969,5,65.3,1969-05-15,1205,31,365,1900,2,1950,3,1950,5
1969,6,73.1,1969-06-15,1206,30,365,1900,2,1950,3,1950,5
1969,7,74.8,1969-07-15,1207,31,365,1900,2,1950,3,1950,5
1969,8,77.4,1969-08-15,1208,31,365,1900,2,1950,3,1950,5
1969,9,69,1969-09-15,1209,30,365,1900,2,1950,3,1950,5
1969,10,57.7,1969-10-15,1210,31,365,1900,2,1950,3,1950,5
1969,11,46.4,1969-11-15,1211,30,365,1900,2,1950,3,1950,5
1969,12,33.4,1969-12-15,1212,31,365,1900,2,1950,3,1950,5
1970,1,25.1,1970-01-15,1213,31,365,1900,2,1950,3,1950,5
1970,2,33,1970-02-15,1214,28,365,1900,2,1950,3,1950,5
1970,3,38.7,1970-03-15,1215,31,365,1900,2,1950,3,1950,5
1970,4,52.1,1970-04-15,1216,30,365,1900,2,1950,3,1950,5
1970,5,64,1970-05-15,1217,31,365,1900,2,1950,3,1950,5
1970,6,70.9,1970-06-15,1218,30,365,1900,2,1950,3,1950,5
1970,7,77.1,1970-07-15,1219,31,365,1900,2,1950,3,1950,5
1970,8,77.6,1970-08-15,1220,31,365,1900,2,1950,3,1950,5
1970,9,70.8,1970-09-15,1221,30,365,1900,2,1950,3,1950,5
1970,10,58.9,1970-10-15,1222,31,365,1900,2,1950,3,1950,5
1970,11,48.5,1970-11-15,1223,30,365,1900,2,1950,3,1950,5
1970,12,34.4,1970-12-15,1224,31,365,1900,2,1950,3,1950,5
1971,1,27,1971-01-15,1225,31,365,1900,2,1950,3,1950,5
1971,2,35.1,1971-02-15,1226,28,365,1900,2,1950,3,1950,5
1971,3,40.1,1971-03-15,1227,31,365,1900,2,1950,3,1950,5
1971,4,50.8,1971-04-15,1228,30,365,1900,2,1950,3,1950,5
1971,5,61.4,1971-05-15,1229,31,365,1900,2,1950,3,1950,5
1971,6,74.2,1971-06-15,1230,30,365,1900,2,1950,3,1950,5
1971,7,77.8,1971-07-15,1231,31,365,1900,2,1950,3,1950,5
1971,8,75.9,1971-08-15,1232,31,365,1900,2,1950,3,1950,5
1971,9,71.6,1971-09-15,1233,30,365,1900,2,1950,3,1950,5
1971,10,62.7,1971-10-15,1234,31,365,1900,2,1950,3,1950,5
1971,11,45.1,1971-11-15,1235,30,365,1900,2,1950,3,1950,5
1971,12,40.8,1971-12-15,1236,31,365,1900,2,1950,3,1950,5
1972,1,35.1,1972-01-15,1237,31,366,1900,2,1950,3,1950,5
1972,2,31.4,1972-02-15,1238,29,366,1900,2,1950,3,1950,5
1972,3,39.8,1972-03-15,1239,31,366,1900,2,1950,3,1950,5
1972,4,50.1,1972-04-15,1240,30,366,1900,2,1950,3,1950,5
1972,5,63.3,1972-05-15,1241,31,366,1900,2,1950,3,1950,5
1972,6,67.9,1972-06-15,1242,30,366,1900,2,1950,3,1950,5
1972,7,77.2,1972-07-15,1243,31,366,1900,2,1950,3,1950,5
1972,8,75.6,1972-08-15,1244,31,366,1900,2,1950,3,1950,5
1972,9,69.5,1972-09-15,1245,30,366,1900,2,1950,3,1950,5
1972,10,53.5,1972-10-15,1246,31,366,1900,2,1950,3,1950,5
1972,11,44.4,1972-11-15,1247,30,366,1900,2,1950,3,1950,5
1972,12,38.5,1972-12-15,1248,31,366,1900,2,1950,3,1950,5
1973,1,35.5,1973-01-15,1249,31,365,1900,2,1950,3,1950,5
1973,2,32.5,1973-02-15,1250,28,365,1900,2,1950,3,1950,5
1973,3,46.4,1973-03-15,1251,31,365,1900,2,1950,3,1950,5
1973,4,53.4,1973-04-15,1252,30,365,1900,2,1950,3,1950,5
1973,5,59.5,1973-05-15,1253,31,365,1900,2,1950,3,1950,5
1973,6,73.4,1973-06-15,1254,30,365,1900,2,1950,3,1950,5
1973,7,77.4,1973-07-15,1255,31,365,1900,2,1950,3,1950,5
1973,8,77.6,1973-08-15,1256,31,365,1900,2,1950,3,1950,5
1973,9,69.5,1973-09-15,1257,30,365,1900,2,1950,3,1950,5
1973,10,60.2,1973-10-15,1258,31,365,1900,2,1950,3,1950,5
1973,11,48.3,1973-11-15,1259,30,365,1900,2,1950,3,1950,5
1973,12,39,1973-12-15,1260,31,365,1900,2,1950,3,1950,5
1974,1,35.3,1974-01-15,1261,31,365,1900,2,1950,3,1950,5
1974,2,31.7,1974-02-15,1262,28,365,1900,2,1950,3,1950,5
1974,3,42.1,1974-03-15,1263,31,365,1900,2,1950,3,1950,5
1974,4,55.2,1974-04-15,1264,30,365,1900,2,1950,3,1950,5
1974,5,61,1974-05-15,1265,31,365,1900,2,1950,3,1950,5
1974,6,69,1974-06-15,1266,30,365,1900,2,1950,3,1950,5
1974,7,77.2,1974-07-15,1267,31,365,1900,2,1950,3,1950,5
1974,8,76.4,1974-08-15,1268,31,365,1900,2,1950,3,1950,5
1974,9,66.7,1974-09-15,1269,30,365,1900,2,1950,3,1950,5
1974,10,54.1,1974-10-15,1270,31,365,1900,2,1950,3,1950,5
1974,11,48.2,1974-11-15,1271,30,365,1900,2,1950,3,1950,5
1974,12,39.4,1974-12-15,1272,31,365,1900,2,1950,3,1950,5
1975,1,37.3,1975-01-15,1273,31,365,1900,2,1950,3,1975,6
1975,2,35.8,1975-02-15,1274,28,365,1900,2,1950,3,1975,6
1975,3,40.2,1975-03-15,1275,31,365,1900,2,1950,3,1975,6
1975,4,47.9,1975-04-15,1276,30,365,1900,2,1950,3,1975,6
1975,5,65.8,1975-05-15,1277,31,365,1900,2,1950,3,1975,6
1975,6,70.5,1975-06-15,1278,30,365,1900,2,1950,3,1975,6
1975,7,75.8,1975-07-15,1279,31,365,1900,2,1950,3,1975,6
1975,8,74.4,1975-08-15,1280,31,365,1900,2,1950,3,1975,6
1975,9,64.2,1975-09-15,1281,30,365,1900,2,1950,3,1975,6
1975,10,59.2,1975-10-15,1282,31,365,1900,2,1950,3,1975,6
1975,11,52.3,1975-11-15,1283,30,365,1900,2,1950,3,1975,6
1975,12,35.9,1975-12-15,1284,31,365,1900,2,1950,3,1975,6
1976,1,27.4,1976-01-15,1285,31,366,1900,2,1950,3,1975,6
1976,2,39.9,1976-02-15,1286,29,366,1900,2,1950,3,1975,6
1976,3,44.4,1976-03-15,1287,31,366,1900,2,1950,3,1975,6
1976,4,55,1976-04-15,1288,30,366,1900,2,1950,3,1975,6
1976,5,60.2,1976-05-15,1289,31,366,1900,2,1950,3,1975,6
1976,6,73.2,1976-06-15,1290,30,366,1900,2,1950,3,1975,6
1976,7,74.8,1976-07-15,1291,31,366,1900,2,1950,3,1975,6
1976,8,74.3,1976-08-15,1292,31,366,1900,2,1950,3,1975,6
1976,9,66.6,1976-09-15,1293,30,366,1900,2,1950,3,1975,6
1976,10,52.9,1976-10-15,1294,31,366,1900,2,1950,3,1975,6
1976,11,41.7,1976-11-15,1295,30,366,1900,2,1950,3,1975,6
1976,12,29.9,1976-12-15,1296,31,366,1900,2,1950,3,1975,6
1977,1,22.1,1977-01-15,1297,31,365,1900,2,1950,3,1975,6
1977,2,33.5,1977-02-15,1298,28,365,1900,2,1950,3,1975,6
1977,3,46.8,1977-03-15,1299,31,365,1900,2,1950,3,1975,6
1977,4,53.7,1977-04-15,1300,30,365,1900,2,1950,3,1975,6
1977,5,65,1977-05-15,1301,31,365,1900,2,1950,3,1975,6
1977,6,70.2,1977-06-15,1302,30,365,1900,2,1950,3,1975,6
1977,7,79,1977-07-15,1303,31,365,1900,2,1950,3,1975,6
1977,8,75.7,1977-08-15,1304,31,365,1900,2,1950,3,1975,6
1977,9,68.2,1977-09-15,1305,30,365,1900,2,1950,3,1975,6
1977,10,54.9,1977-10-15,1306,31,365,1900,2,1950,3,1975,6
1977,11,47.3,1977-11-15,1307,30,365,1900,2,1950,3,1975,6
1977,12,35.7,1977-12-15,1308,31,365,1900,2,1950,3,1975,6
1978,1,28,1978-01-15,1309,31,365,1900,2,1950,3,1975,6
1978,2,27.2,1978-02-15,1310,28,365,1900,2,1950,3,1975,6
1978,3,39,1978-03-15,1311,31,365,1900,2,1950,3,1975,6
1978,4,51.6,1978-04-15,1312,30,365,1900,2,1950,3,1975,6
1978,5,61.5,1978-05-15,1313,31,365,1900,2,1950,3,1975,6
1978,6,71.3,1978-06-15,1314,30,365,1900,2,1950,3,1975,6
1978,7,74.4,1978-07-15,1315,31,365,1900,2,1950,3,1975,6
1978,8,76,1978-08-15,1316,31,365,1900,2,1950,3,1975,6
1978,9,65,1978-09-15,1317,30,365,1900,2,1950,3,1975,6
1978,10,54.9,1978-10-15,1318,31,365,1900,2,1950,3,1975,6
1978,11,47.8,1978-11-15,1319,30,365,1900,2,1950,3,1975,6
1978,12,38.9,1978-12-15,1320,31,365,1900,2,1950,3,1975,6
1979,1,33.6,1979-01-15,1321,31,365,1900,2,1950,3,1975,6
1979,2,25.5,1979-02-15,1322,28,365,1900,2,1950,3,1975,6
1979,3,46.9,1979-03-15,1323,31,365,1900,2,1950,3,1975,6
1979,4,52.6,1979-04-15,1324,30,365,1900,2,1950,3,1975,6
1979,5,65.3,1979-05-15,1325,31,365,1900,2,1950,3,1975,6
1979,6,69.2,1979-06-15,1326,30,365,1900,2,1950,3,1975,6
1979,7,76.9,1979-07-15,1327,31,365,1900,2,1950,3,1975,6
1979,8,76.8,1979-08-15,1328,31,365,1900,2,1950,3,1975,6
1979,9,70.5,1979-09-15,1329,30,365,1900,2,1950,3,1975,6
1979,10,57.3,1979-10-15,1330,31,365,1900,2,1950,3,1975,6
1979,11,52.5,1979-11-15,1331,30,365,1900,2,1950,3,1975,6
1979,12,41.1,1979-12-15,1332,31,365,1900,2,1950,3,1975,6
1980,1,33.7,1980-01-15,1333,31,366,1900,2,1950,3,1975,6
1980,2,31.4,1980-02-15,1334,29,366,1900,2,1950,3,1975,6
1980,3,41.2,1980-03-15,1335,31,366,1900,2,1950,3,1975,6
1980,4,54.5,1980-04-15,1336,30,366,1900,2,1950,3,1975,6
1980,5,65.6,1980-05-15,1337,31,366,1900,2,1950,3,1975,6
1980,6,70.3,1980-06-15,1338,30,366,1900,2,1950,3,1975,6
1980,7,79.3,1980-07-15,1339,31,366,1900,2,1950,3,1975,6
1980,8,80.3,1980-08-15,1340,31,366,1900,2,1950,3,1975,6
1980,9,70.8,1980-09-15,1341,30,366,1900,2,1950,3,1975,6
1980,10,55.2,1980-10-15,1342,31,366,1900,2,1950,3,1975,6
1980,11,44.6,1980-11-15,1343,30,366,1900,2,1950,3,1975,6
1980,12,32.5,1980-12-15,1344,31,366,1900,2,1950,3,1975,6
1981,1,26.3,1981-01-15,1345,31,365,1900,2,1950,3,1975,6
1981,2,39.3,1981-02-15,1346,28,365,1900,2,1950,3,1975,6
1981,3,42.3,1981-03-15,1347,31,365,1900,2,1950,3,1975,6
1981,4,56.2,1981-04-15,1348,30,365,1900,2,1950,3,1975,6
1981,5,64.8,1981-05-15,1349,31,365,1900,2,1950,3,1975,6
1981,6,73,1981-06-15,1350,30,365,1900,2,1950,3,1975,6
1981,7,78.5,1981-07-15,1351,31,365,1900,2,1950,3,1975,6
1981,8,76,1981-08-15,1352,31,365,1900,2,1950,3,1975,6
1981,9,67.6,1981-09-15,1353,30,365,1900,2,1950,3,1975,6
1981,10,54.4,1981-10-15,1354,31,365,1900,2,1950,3,1975,6
1981,11,47.7,1981-11-15,1355,30,365,1900,2,1950,3,1975,6
1981,12,36.5,1981-12-15,1356,31,365,1900,2,1950,3,1975,6
1982,1,26.1,1982-01-15,1357,31,365,1900,2,1950,3,1975,6
1982,2,35.3,1982-02-15,1358,28,365,1900,2,1950,3,1975,6
1982,3,42,1982-03-15,1359,31,365,1900,2,1950,3,1975,6
1982,4,51.2,1982-04-15,1360,30,365,1900,2,1950,3,1975,6
1982,5,64.1,1982-05-15,1361,31,365,1900,2,1950,3,1975,6
1982,6,68.6,1982-06-15,1362,30,365,1900,2,1950,3,1975,6
1982,7,77.9,1982-07-15,1363,31,365,1900,2,1950,3,1975,6
1982,8,73.2,1982-08-15,1364,31,365,1900,2,1950,3,1975,6
1982,9,68.3,1982-09-15,1365,30,365,1900,2,1950,3,1975,6
1982,10,58.5,1982-10-15,1366,31,365,1900,2,1950,3,1975,6
1982,11,50.4,1982-11-15,1367,30,365,1900,2,1950,3,1975,6
1982,12,42.8,1982-12-15,1368,31,365,1900,2,1950,3,1975,6
1983,1,34.5,1983-01-15,1369,31,365,1900,2,1950,3,1975,6
1983,2,36.4,1983-02-15,1370,28,365,1900,2,1950,3,1975,6
1983,3,44,1983-03-15,1371,31,365,1900,2,1950,3,1975,6
1983,4,52.3,1983-04-15,1372,30,365,1900,2,1950,3,1975,6
1983,5,60.2,1983-05-15,1373,31,365,1900,2,1950,3,1975,6
1983,6,73.4,1983-06-15,1374,30,365,1900,2,1950,3,1975,6
1983,7,79.5,1983-07-15,1375,31,365,1900,2,1950,3,1975,6
1983,8,77.7,1983-08-15,1376,31,365,1900,2,1950,3,1975,6
1983,9,71.8,1983-09-15,1377,30,365,1900,2,1950,3,1975,6
1983,10,57.9,1983-10-15,1378,31,365,1900,2,1950,3,1975,6
1983,11,48.9,1983-11-15,1379,30,365,1900,2,1950,3,1975,6
1983,12,35.2,1983-12-15,1380,31,365,1900,2,1950,3,1975,6
1984,1,29.9,1984-01-15,1381,31,366,1900,2,1950,3,1975,6
1984,2,40.6,1984-02-15,1382,29,366,1900,2,1950,3,1975,6
1984,3,36.7,1984-03-15,1383,31,366,1900,2,1950,3,1975,6
1984,4,51.9,1984-04-15,1384,30,366,1900,2,1950,3,1975,6
1984,5,61.6,1984-05-15,1385,31,366,1900,2,1950,3,1975,6
1984,6,74.5,1984-06-15,1386,30,366,1900,2,1950,3,1975,6
1984,7,74.7,1984-07-15,1387,31,366,1900,2,1950,3,1975,6
1984,8,76.7,1984-08-15,1388,31,366,1900,2,1950,3,1975,6
1984,9,65.9,1984-09-15,1389,30,366,1900,2,1950,3,1975,6
1984,10,61.8,1984-10-15,1390,31,366,1900,2,1950,3,1975,6
1984,11,47.3,1984-11-15,1391,30,366,1900,2,1950,3,1975,6
1984,12,43.8,1984-12-15,1392,31,366,1900,2,1950,3,1975,6
1985,1,28.8,1985-01-15,1393,31,365,1900,2,1950,3,1975,6
1985,2,36.6,1985-02-15,1394,28,365,1900,2,1950,3,1975,6
1985,3,45.8,1985-03-15,1395,31,365,1900,2,1950,3,1975,6
1985,4,55.5,1985-04-15,1396,30,365,1900,2,1950,3,1975,6
1985,5,65.3,1985-05-15,1397,31,365,1900,2,1950,3,1975,6
1985,6,68.6,1985-06-15,1398,30,365,1900,2,1950,3,1975,6
1985,7,76.2,1985-07-15,1399,31,365,1900,2,1950,3,1975,6
1985,8,75.4,1985-08-15,1400,31,365,1900,2,1950,3,1975,6
1985,9,70.5,1985-09-15,1401,30,365,1900,2,1950,3,1975,6
1985,10,59.5,1985-10-15,1402,31,365,1900,2,1950,3,1975,6
1985,11,50,1985-11-15,1403,30,365,1900,2,1950,3,1975,6
1985,12,34.2,1985-12-15,1404,31,365,1900,2,1950,3,1975,6
1986,1,34.1,1986-01-15,1405,31,365,1900,2,1950,3,1975,6
1986,2,32,1986-02-15,1406,28,365,1900,2,1950,3,1975,6
1986,3,45.1,1986-03-15,1407,31,365,1900,2,1950,3,1975,6
1986,4,54.5,1986-04-15,1408,30,365,1900,2,1950,3,1975,6
1986,5,66,1986-05-15,1409,31,365,1900,2,1950,3,1975,6
1986,6,71.6,1986-06-15,1410,30,365,1900,2,1950,3,1975,6
1986,7,76,1986-07-15,1411,31,365,1900,2,1950,3,1975,6
1986,8,73.1,1986-08-15,1412,31,365,1900,2,1950,3,1975,6
1986,9,67.9,1986-09-15,1413,30,365,1900,2,1950,3,1975,6
1986,10,58,1986-10-15,1414,31,365,1900,2,1950,3,1975,6
1986,11,45.7,1986-11-15,1415,30,365,1900,2,1950,3,1975,6
1986,12,39,1986-12-15,1416,31,365,1900,2,1950,3,1975,6
1987,1,32.3,1987-01-15,1417,31,365,1900,2,1950,3,1975,6
1987,2,33.2,1987-02-15,1418,28,365,1900,2,1950,3,1975,6
1987,3,45.2,1987-03-15,1419,31,365,1900,2,1950,3,1975,6
1987,4,53.4,1987-04-15,1420,30,365,1900,2,1950,3,1975,6
1987,5,63.6,1987-05-15,1421,31,365,1900,2,1950,3,1975,6
1987,6,72.8,1987-06-15,1422,30,365,1900,2,1950,3,1975,6
1987,7,78,1987-07-15,1423,31,365,1900,2,1950,3,1975,6
1987,8,74.2,1987-08-15,1424,31,365,1900,2,1950,3,1975,6
1987,9,67.9,1987-09-15,1425,30,365,1900,2,1950,3,1975,6
1987,10,53.8,1987-10-15,1426,31,365,1900,2,1950,3,1975,6
1987,11,47.7,1987-11-15,1427,30,365,1900,2,1950,3,1975,6
1987,12,39.5,1987-12-15,1428,31,365,1900,2,1950,3,1975,6
1988,1,29.5,1988-01-15,1429,31,366,1900,2,1950,3,1975,6
1988,2,35,1988-02-15,1430,29,366,1900,2,1950,3,1975,6
1988,3,43.6,1988-03-15,1431,31,366,1900,2,1950,3,1975,6
1988,4,51.2,1988-04-15,1432,30,366,1900,2,1950,3,1975,6
1988,5,62.7,1988-05-15,1433,31,366,1900,2,1950,3,1975,6
1988,6,71.8,1988-06-15,1434,30,366,1900,2,1950,3,1975,6
1988,7,79.3,1988-07-15,1435,31,366,1900,2,1950,3,1975,6
1988,8,78.8,1988-08-15,1436,31,366,1900,2,1950,3,1975,6
1988,9,67.4,1988-09-15,1437,30,366,1900,2,1950,3,1975,6
1988,10,52.8,1988-10-15,1438,31,366,1900,2,1950,3,1975,6
1988,11,49.4,1988-11-15,1439,30,366,1900,2,1950,3,1975,6
1988,12,35.9,1988-12-15,1440,31,366,1900,2,1950,3,1975,6
1989,1,37.4,1989-01-15,1441,31,365,1900,2,1950,3,1975,6
1989,2,34.5,1989-02-15,1442,28,365,1900,2,1950,3,1975,6
1989,3,42.4,1989-03-15,1443,31,365,1900,2,1950,3,1975,6
1989,4,52.2,1989-04-15,1444,30,365,1900,2,1950,3,1975,6
1989,5,62.1,1989-05-15,1445,31,365,1900,2,1950,3,1975,6
1989,6,72,1989-06-15,1446,30,365,1900,2,1950,3,1975,6
1989,7,75,1989-07-15,1447,31,365,1900,2,1950,3,1975,6
1989,8,74,1989-08-15,1448,31,365,1900,2,1950,3,1975,6
1989,9,68.1,1989-09-15,1449,30,365,1900,2,1950,3,1975,6
1989,10,58.2,1989-10-15,1450,31,365,1900,2,1950,3,1975,6
1989,11,45.7,1989-11-15,1451,30,365,1900,2,1950,3,1975,6
1989,12,25.9,1989-12-15,1452,31,365,1900,2,1950,3,1975,6
1990,1,41.4,1990-01-15,1453,31,365,1900,2,1950,3,1975,6
1990,2,39.8,1990-02-15,1454,28,365,1900,2,1950,3,1975,6
1990,3,45.1,1990-03-15,1455,31,365,1900,2,1950,3,1975,6
1990,4,53.5,1990-04-15,1456,30,365,1900,2,1950,3,1975,6
1990,5,60.2,1990-05-15,1457,31,365,1900,2,1950,3,1975,6
1990,6,72.1,1990-06-15,1458,30,365,1900,2,1950,3,1975,6
1990,7,76.8,1990-07-15,1459,31,365,1900,2,1950,3,1975,6
1990,8,75.3,1990-08-15,1460,31,365,1900,2,1950,3,1975,6
1990,9,67.5,1990-09-15,1461,30,365,1900,2,1950,3,1975,6
1990,10,61.9,1990-10-15,1462,31,365,1900,2,1950,3,1975,6
1990,11,50.4,1990-11-15,1463,30,365,1900,2,1950,3,1975,6
1990,12,42.6,1990-12-15,1464,31,365,1900,2,1950,3,1975,6
1991,1,34.9,1991-01-15,1465,31,365,1900,2,1950,3,1975,6
1991,2,40,1991-02-15,1466,28,365,1900,2,1950,3,1975,6
1991,3,44.6,1991-03-15,1467,31,365,1900,2,1950,3,1975,6
1991,4,55.7,1991-04-15,1468,30,365,1900,2,1950,3,1975,6
1991,5,68.7,1991-05-15,1469,31,365,1900,2,1950,3,1975,6
1991,6,74.1,1991-06-15,1470,30,365,1900,2,1950,3,1975,6
1991,7,77.7,1991-07-15,1471,31,365,1900,2,1950,3,1975,6
1991,8,77.1,1991-08-15,1472,31,365,1900,2,1950,3,1975,6
1991,9,67.5,1991-09-15,1473,30,365,1900,2,1950,3,1975,6
1991,10,58.4,1991-10-15,1474,31,365,1900,2,1950,3,1975,6
1991,11,48.3,1991-11-15,1475,30,365,1900,2,1950,3,1975,6
1991,12,39.6,1991-12-15,1476,31,365,1900,2,1950,3,1975,6
1992,1,35.7,1992-01-15,1477,31,366,1900,2,1950,3,1975,6
1992,2,36.4,1992-02-15,1478,29,366,1900,2,1950,3,1975,6
1992,3,40,1992-03-15,1479,31,366,1900,2,1950,3,1975,6
1992,4,50.5,1992-04-15,1480,30,366,1900,2,1950,3,1975,6
1992,5,61,1992-05-15,1481,31,366,1900,2,1950,3,1975,6
1992,6,70.3,1992-06-15,1482,30,366,1900,2,1950,3,1975,6
1992,7,74.2,1992-07-15,1483,31,366,1900,2,1950,3,1975,6
1992,8,73,1992-08-15,1484,31,366,1900,2,1950,3,1975,6
1992,9,67.2,1992-09-15,1485,30,366,1900,2,1950,3,1975,6
1992,10,54.5,1992-10-15,1486,31,366,1900,2,1950,3,1975,6
1992,11,46.5,1992-11-15,1487,30,366,1900,2,1950,3,1975,6
1992,12,37.9,1992-12-15,1488,31,366,1900,2,1950,3,1975,6
1993,1,36.3,1993-01-15,1489,31,365,1900,2,1950,3,1975,6
1993,2,30.8,1993-02-15,1490,28,365,1900,2,1950,3,1975,6
1993,3,39.7,1993-03-15,1491,31,365,1900,2,1950,3,1975,6
1993,4,53.3,1993-04-15,1492,30,365,1900,2,1950,3,1975,6
1993,5,65.7,1993-05-15,1493,31,365,1900,2,1950,3,1975,6
1993,6,73.3,1993-06-15,1494,30,365,1900,2,1950,3,1975,6
1993,7,80.2,1993-07-15,1495,31,365,1900,2,1950,3,1975,6
1993,8,77.2,1993-08-15,1496,31,365,1900,2,1950,3,1975,6
1993,9,67.3,1993-09-15,1497,30,365,1900,2,1950,3,1975,6
1993,10,56,1993-10-15,1498,31,365,1900,2,1950,3,1975,6
1993,11,48.8,1993-11-15,1499,30,365,1900,2,1950,3,1975,6
1993,12,37.3,1993-12-15,1500,31,365,1900,2,1950,3,1975,6
1994,1,25.6,1994-01-15,1501,31,365,1900,2,1950,3,1975,6
1994,2,30.6,1994-02-15,1502,28,365,1900,2,1950,3,1975,6
1994,3,40.7,1994-03-15,1503,31,365,1900,2,1950,3,1975,6
1994,4,55.6,1994-04-15,1504,30,365,1900,2,1950,3,1975,6
1994,5,61.8,1994-05-15,1505,31,365,1900,2,1950,3,1975,6
1994,6,75.2,1994-06-15,1506,30,365,1900,2,1950,3,1975,6
1994,7,79.4,1994-07-15,1507,31,365,1900,2,1950,3,1975,6
1994,8,74,1994-08-15,1508,31,365,1900,2,1950,3,1975,6
1994,9,67.6,1994-09-15,1509,30,365,1900,2,1950,3,1975,6
1994,10,58,1994-10-15,1510,31,365,1900,2,1950,3,1975,6
1994,11,52,1994-11-15,1511,30,365,1900,2,1950,3,1975,6
1994,12,42.2,1994-12-15,1512,31,365,1900,2,1950,3,1975,6
1995,1,37.5,1995-01-15,1513,31,365,1900,2,1950,3,1975,6
1995,2,31.6,1995-02-15,1514,28,365,1900,2,1950,3,1975,6
1995,3,45,1995-03-15,1515,31,365,1900,2,1950,3,1975,6
1995,4,51.9,1995-04-15,1516,30,365,1900,2,1950,3,1975,6
1995,5,61.9,1995-05-15,1517,31,365,1900,2,1950,3,1975,6
1995,6,71.8,1995-06-15,1518,30,365,1900,2,1950,3,1975,6
1995,7,79.2,1995-07-15,1519,31,365,1900,2,1950,3,1975,6
1995,8,78.6,1995-08-15,1520,31,365,1900,2,1950,3,1975,6
1995,9,68.3,1995-09-15,1521,30,365,1900,2,1950,3,1975,6
1995,10,61.6,1995-10-15,1522,31,365,1900,2,1950,3,1975,6
1995,11,43.6,1995-11-15,1523,30,365,1900,2,1950,3,1975,6
1995,12,32.4,1995-12-15,1524,31,365,1900,2,1950,3,1975,6
1996,1,30.5,1996-01-15,1525,31,366,1900,2,1950,3,1975,6
1996,2,33.9,1996-02-15,1526,29,366,1900,2,1950,3,1975,6
1996,3,38.9,1996-03-15,1527,31,366,1900,2,1950,3,1975,6
1996,4,52.2,1996-04-15,1528,30,366,1900,2,1950,3,1975,6
1996,5,61.1,1996-05-15,1529,31,366,1900,2,1950,3,1975,6
1996,6,71.4,1996-06-15,1530,30,366,1900,2,1950,3,1975,6
1996,7,73.4,1996-07-15,1531,31,366,1900,2,1950,3,1975,6
1996,8,74.5,1996-08-15,1532,31,366,1900,2,1950,3,1975,6
1996,9,68,1996-09-15,1533,30,366,1900,2,1950,3,1975,6
1996,10,56.4,1996-10-15,1534,31,366,1900,2,1950,3,1975,6
1996,11,43,1996-11-15,1535,30,366,1900,2,1950,3,1975,6
1996,12,41.3,1996-12-15,1536,31,366,1900,2,1950,3,1975,6
1997,1,32.2,1997-01-15,1537,31,365,1900,2,1950,3,1975,6
1997,2,40,1997-02-15,1538,28,365,1900,2,1950,3,1975,6
1997,3,41.9,1997-03-15,1539,31,365,1900,2,1950,3,1975,6
1997,4,51.7,1997-04-15,1540,30,365,1900,2,1950,3,1975,6
1997,5,59.4,1997-05-15,1541,31,365,1900,2,1950,3,1975,6
1997,6,70.9,1997-06-15,1542,30,365,1900,2,1950,3,1975,6
1997,7,75.8,1997-07-15,1543,31,365,1900,2,1950,3,1975,6
1997,8,73.3,1997-08-15,1544,31,365,1900,2,1950,3,1975,6
1997,9,67,1997-09-15,1545,30,365,1900,2,1950,3,1975,6
1997,10,56.8,1997-10-15,1546,31,365,1900,2,1950,3,1975,6
1997,11,44.5,1997-11-15,1547,30,365,1900,2,1950,3,1975,6
1997,12,38.3,1997-12-15,1548,31,365,1900,2,1950,3,1975,6
1998,1,40,1998-01-15,1549,31,365,1900,2,1950,3,1975,6
1998,2,40.6,1998-02-15,1550,28,365,1900,2,1950,3,1975,6
1998,3,45.4,1998-03-15,1551,31,365,1900,2,1950,3,1975,6
1998,4,54,1998-04-15,1552,30,365,1900,2,1950,3,1975,6
1998,5,64.3,1998-05-15,1553,31,365,1900,2,1950,3,1975,6
1998,6,69.2,1998-06-15,1554,30,365,1900,2,1950,3,1975,6
1998,7,76.5,1998-07-15,1555,31,365,1900,2,1950,3,1975,6
1998,8,76.7,1998-08-15,1556,31,365,1900,2,1950,3,1975,6
1998,9,70.2,1998-09-15,1557,30,365,1900,2,1950,3,1975,6
1998,10,57.6,1998-10-15,1558,31,365,1900,2,1950,3,1975,6
1998,11,48.1,1998-11-15,1559,30,365,1900,2,1950,3,1975,6
1998,12,43.2,1998-12-15,1560,31,365,1900,2,1950,3,1975,6
1999,1,33.9,1999-01-15,1561,31,365,1900,2,1950,3,1975,6
1999,2,38.9,1999-02-15,1562,28,365,1900,2,1950,3,1975,6
1999,3,42.5,1999-03-15,1563,31,365,1900,2,1950,3,1975,6
1999,4,53.5,1999-04-15,1564,30,365,1900,2,1950,3,1975,6
1999,5,63.1,1999-05-15,1565,31,365,1900,2,1950,3,1975,6
1999,6,73.2,1999-06-15,1566,30,365,1900,2,1950,3,1975,6
1999,7,81.4,1999-07-15,1567,31,365,1900,2,1950,3,1975,6
1999,8,75.5,1999-08-15,1568,31,365,1900,2,1950,3,1975,6
1999,9,69.1,1999-09-15,1569,30,365,1900,2,1950,3,1975,6
1999,10,56,1999-10-15,1570,31,365,1900,2,1950,3,1975,6
1999,11,50.6,1999-11-15,1571,30,365,1900,2,1950,3,1975,6
1999,12,40,1999-12-15,1572,31,365,1900,2,1950,3,1975,6
2000,1,31.3,2000-01-15,1573,31,366,2000,3,2000,4,2000,7
2000,2,37.3,2000-02-15,1574,29,366,2000,3,2000,4,2000,7
2000,3,47.2,2000-03-15,1575,31,366,2000,3,2000,4,2000,7
2000,4,51,2000-04-15,1576,30,366,2000,3,2000,4,2000,7
2000,5,63.5,2000-05-15,1577,31,366,2000,3,2000,4,2000,7
2000,6,71.3,2000-06-15,1578,30,366,2000,3,2000,4,2000,7
2000,7,72.3,2000-07-15,1579,31,366,2000,3,2000,4,2000,7
2000,8,72.7,2000-08-15,1580,31,366,2000,3,2000,4,2000,7
2000,9,66,2000-09-15,1581,30,366,2000,3,2000,4,2000,7
2000,10,57,2000-10-15,1582,31,366,2000,3,2000,4,2000,7
2000,11,45.3,2000-11-15,1583,30,366,2000,3,2000,4,2000,7
2000,12,31.1,2000-12-15,1584,31,366,2000,3,2000,4,2000,7
2001,1,33.6,2001-01-15,1585,31,365,2000,3,2000,4,2000,7
2001,2,35.9,2001-02-15,1586,28,365,2000,3,2000,4,2000,7
2001,3,39.6,2001-03-15,1587,31,365,2000,3,2000,4,2000,7
2001,4,54.2,2001-04-15,1588,30,365,2000,3,2000,4,2000,7
2001,5,63.8,2001-05-15,1589,31,365,2000,3,2000,4,2000,7
2001,6,72.9,2001-06-15,1590,30,365,2000,3,2000,4,2000,7
2001,7,73.2,2001-07-15,1591,31,365,2000,3,2000,4,2000,7
2001,8,78.7,2001-08-15,1592,31,365,2000,3,2000,4,2000,7
2001,9,67.7,2001-09-15,1593,30,365,2000,3,2000,4,2000,7
2001,10,58.5,2001-10-15,1594,31,365,2000,3,2000,4,2000,7
2001,11,52.7,2001-11-15,1595,30,365,2000,3,2000,4,2000,7
2001,12,44.1,2001-12-15,1596,31,365,2000,3,2000,4,2000,7
2002,1,39.9,2002-01-15,1597,31,365,2000,3,2000,4,2000,7
2002,2,40.6,2002-02-15,1598,28,365,2000,3,2000,4,2000,7
2002,3,44.1,2002-03-15,1599,31,365,2000,3,2000,4,2000,7
2002,4,56.1,2002-04-15,1600,30,365,2000,3,2000,4,2000,7
2002,5,60.7,2002-05-15,1601,31,365,2000,3,2000,4,2000,7
2002,6,71.4,2002-06-15,1602,30,365,2000,3,2000,4,2000,7
2002,7,78.8,2002-07-15,1603,31,365,2000,3,2000,4,2000,7
2002,8,77.7,2002-08-15,1604,31,365,2000,3,2000,4,2000,7
2002,9,70.2,2002-09-15,1605,30,365,2000,3,2000,4,2000,7
2002,10,55.2,2002-10-15,1606,31,365,2000,3,2000,4,2000,7
2002,11,46,2002-11-15,1607,30,365,2000,3,2000,4,2000,7
2002,12,36,2002-12-15,1608,31,365,2000,3,2000,4,2000,7
2003,1,27.5,2003-01-15,1609,31,365,2000,3,2000,4,2000,7
2003,2,30.1,2003-02-15,1610,28,365,2000,3,2000,4,2000,7
2003,3,43.1,2003-03-15,1611,31,365,2000,3,2000,4,2000,7
2003,4,49.8,2003-04-15,1612,30,365,2000,3,2000,4,2000,7
2003,5,58.7,2003-05-15,1613,31,365,2000,3,2000,4,2000,7
2003,6,68.3,2003-06-15,1614,30,365,2000,3,2000,4,2000,7
2003,7,75.8,2003-07-15,1615,31,365,2000,3,2000,4,2000,7
2003,8,76.7,2003-08-15,1616,31,365,2000,3,2000,4,2000,7
2003,9,67.9,2003-09-15,1617,30,365,2000,3,2000,4,2000,7
2003,10,55.1,2003-10-15,1618,31,365,2000,3,2000,4,2000,7
2003,11,50,2003-11-15,1619,30,365,2000,3,2000,4,2000,7
2003,12,37.6,2003-12-15,1620,31,365,2000,3,2000,4,2000,7
2004,1,24.7,2004-01-15,1621,31,366,2000,3,2000,4,2000,7
2004,2,35,2004-02-15,1622,29,366,2000,3,2000,4,2000,7
2004,3,43.5,2004-03-15,1623,31,366,2000,3,2000,4,2000,7
2004,4,53.6,2004-04-15,1624,30,366,2000,3,2000,4,2000,7
2004,5,65.2,2004-05-15,1625,31,366,2000,3,2000,4,2000,7
2004,6,71.2,2004-06-15,1626,30,366,2000,3,2000,4,2000,7
2004,7,74.5,2004-07-15,1627,31,366,2000,3,2000,4,2000,7
2004,8,74.2,2004-08-15,1628,31,366,2000,3,2000,4,2000,7
2004,9,69.3,2004-09-15,1629,30,366,2000,3,2000,4,2000,7
2004,10,56,2004-10-15,1630,31,366,2000,3,2000,4,2000,7
2004,11,48.2,2004-11-15,1631,30,366,2000,3,2000,4,2000,7
2004,12,38.4,2004-12-15,1632,31,366,2000,3,2000,4,2000,7
2005,1,31.3,2005-01-15,1633,31,365,2000,3,2000,4,2000,7
2005,2,36.5,2005-02-15,1634,28,365,2000,3,2000,4,2000,7
2005,3,39.4,2005-03-15,1635,31,365,2000,3,2000,4,2000,7
2005,4,55.1,2005-04-15,1636,30,365,2000,3,2000,4,2000,7
2005,5,58.9,2005-05-15,1637,31,365,2000,3,2000,4,2000,7
2005,6,74,2005-06-15,1638,30,365,2000,3,2000,4,2000,7
2005,7,77.5,2005-07-15,1639,31,365,2000,3,2000,4,2000,7
2005,8,79.7,2005-08-15,1640,31,365,2000,3,2000,4,2000,7
2005,9,73.3,2005-09-15,1641,30,365,2000,3,2000,4,2000,7
2005,10,57.9,2005-10-15,1642,31,365,2000,3,2000,4,2000,7
2005,11,49.6,2005-11-15,1643,30,365,2000,3,2000,4,2000,7
2005,12,35.3,2005-12-15,1644,31,365,2000,3,2000,4,2000,7
2006,1,40.9,2006-01-15,1645,31,365,2000,3,2000,4,2000,7
2006,2,35.7,2006-02-15,1646,28,365,2000,3,2000,4,2000,7
2006,3,43.1,2006-03-15,1647,31,365,2000,3,2000,4,2000,7
2006,4,55.7,2006-04-15,1648,30,365,2000,3,2000,4,2000,7
2006,5,63.1,2006-05-15,1649,31,365,2000,3,2000,4,2000,7
2006,6,71,2006-06-15,1650,30,365,2000,3,2000,4,2000,7
2006,7,77.9,2006-07-15,1651,31,365,2000,3,2000,4,2000,7
2006,8,75.8,2006-08-15,1652,31,365,2000,3,2000,4,2000,7
2006,9,66.6,2006-09-15,1653,30,365,2000,3,2000,4,2000,7
2006,10,56.2,2006-10-15,1654,31,365,2000,3,2000,4,2000,7
2006,11,51.9,2006-11-15,1655,30,365,2000,3,2000,4,2000,7
2006,12,43.6,2006-12-15,1656,31,365,2000,3,2000,4,2000,7
2007,1,37.5,2007-01-15,1657,31,365,2000,3,2000,4,2000,7
2007,2,28.2,2007-02-15,1658,28,365,2000,3,2000,4,2000,7
2007,3,42.2,2007-03-15,1659,31,365,2000,3,2000,4,2000,7
2007,4,50.3,2007-04-15,1660,30,365,2000,3,2000,4,2000,7
2007,5,65.2,2007-05-15,1661,31,365,2000,3,2000,4,2000,7
2007,6,71.4,2007-06-15,1662,30,365,2000,3,2000,4,2000,7
2007,7,75,2007-07-15,1663,31,365,2000,3,2000,4,2000,7
2007,8,74,2007-08-15,1664,31,365,2000,3,2000,4,2000,7
2007,9,70.3,2007-09-15,1665,30,365,2000,3,2000,4,2000,7
2007,10,63.6,2007-10-15,1666,31,365,2000,3,2000,4,2000,7
2007,11,45.4,2007-11-15,1667,30,365,2000,3,2000,4,2000,7
2007,12,37,2007-12-15,1668,31,365,2000,3,2000,4,2000,7
2008,1,36.5,2008-01-15,1669,31,366,2000,3,2000,4,2000,7
2008,2,35.8,2008-02-15,1670,29,366,2000,3,2000,4,2000,7
2008,3,42.6,2008-03-15,1671,31,366,2000,3,2000,4,2000,7
2008,4,54.9,2008-04-15,1672,30,366,2000,3,2000,4,2000,7
2008,5,60.1,2008-05-15,1673,31,366,2000,3,2000,4,2000,7
2008,6,74,2008-06-15,1674,30,366,2000,3,2000,4,2000,7
2008,7,78.4,2008-07-15,1675,31,366,2000,3,2000,4,2000,7
2008,8,73.8,2008-08-15,1676,31,366,2000,3,2000,4,2000,7
2008,9,68.8,2008-09-15,1677,30,366,2000,3,2000,4,2000,7
2008,10,55.1,2008-10-15,1678,31,366,2000,3,2000,4,2000,7
2008,11,45.8,2008-11-15,1679,30,366,2000,3,2000,4,2000,7
2008,12,38.1,2008-12-15,1680,31,366,2000,3,2000,4,2000,7
2009,1,27.9,2009-01-15,1681,31,365,2000,3,2000,4,2000,7
2009,2,36.7,2009-02-15,1682,28,365,2000,3,2000,4,2000,7
2009,3,42.4,2009-03-15,1683,31,365,2000,3,2000,4,2000,7
2009,4,54.5,2009-04-15,1684,30,365,2000,3,2000,4,2000,7
2009,5,62.5,2009-05-15,1685,31,365,2000,3,2000,4,2000,7
2009,6,67.5,2009-06-15,1686,30,365,2000,3,2000,4,2000,7
2009,7,72.7,2009-07-15,1687,31,365,2000,3,2000,4,2000,7
2009,8,75.7,2009-08-15,1688,31,365,2000,3,2000,4,2000,7
2009,9,66.3,2009-09-15,1689,30,365,2000,3,2000,4,2000,7
2009,10,55,2009-10-15,1690,31,365,2000,3,2000,4,2000,7
2009,11,51.2,2009-11-15,1691,30,365,2000,3,2000,4,2000,7
2009,12,35.9,2009-12-15,1692,31,365,2000,3,2000,4,2000,7
2010,1,32.5,2010-01-15,1693,31,365,2000,3,2000,4,2000,7
2010,2,33.1,2010-02-15,1694,28,365,2000,3,2000,4,2000,7
2010,3,48.2,2010-03-15,1695,31,365,2000,3,2000,4,2000,7
2010,4,57.9,2010-04-15,1696,30,365,2000,3,2000,4,2000,7
2010,5,65.3,2010-05-15,1697,31,365,2000,3,2000,4,2000,7
2010,6,74.7,2010-06-15,1698,30,365,2000,3,2000,4,2000,7
2010,7,81.3,2010-07-15,1699,31,365,2000,3,2000,4,2000,7
2010,8,77.4,2010-08-15,1700,31,365,2000,3,2000,4,2000,7
2010,9,71.1,2010-09-15,1701,30,365,2000,3,2000,4,2000,7
2010,10,58.1,2010-10-15,1702,31,365,2000,3,2000,4,2000,7
2010,11,47.9,2010-11-15,1703,30,365,2000,3,2000,4,2000,7
2010,12,32.8,2010-12-15,1704,31,365,2000,3,2000,4,2000,7
2011,1,29.7,2011-01-15,1705,31,365,2000,3,2000,4,2000,7
2011,2,36,2011-02-15,1706,28,365,2000,3,2000,4,2000,7
2011,3,42.3,2011-03-15,1707,31,365,2000,3,2000,4,2000,7
2011,4,54.3,2011-04-15,1708,30,365,2000,3,2000,4,2000,7
2011,5,64.5,2011-05-15,1709,31,365,2000,3,2000,4,2000,7
2011,6,72.3,2011-06-15,1710,30,365,2000,3,2000,4,2000,7
2011,7,80.2,2011-07-15,1711,31,365,2000,3,2000,4,2000,7
2011,8,75.3,2011-08-15,1712,31,365,2000,3,2000,4,2000,7
2011,9,70,2011-09-15,1713,30,365,2000,3,2000,4,2000,7
2011,10,57.1,2011-10-15,1714,31,365,2000,3,2000,4,2000,7
2011,11,51.9,2011-11-15,1715,30,365,2000,3,2000,4,2000,7
2011,12,43.3,2011-12-15,1716,31,365,2000,3,2000,4,2000,7
2012,1,37.3,2012-01-15,1717,31,366,2000,3,2000,4,2000,7
2012,2,40.9,2012-02-15,1718,29,366,2000,3,2000,4,2000,7
2012,3,50.9,2012-03-15,1719,31,366,2000,3,2000,4,2000,7
2012,4,54.8,2012-04-15,1720,30,366,2000,3,2000,4,2000,7
2012,5,65.1,2012-05-15,1721,31,366,2000,3,2000,4,2000,7
2012,6,71,2012-06-15,1722,30,366,2000,3,2000,4,2000,7
2012,7,78.8,2012-07-15,1723,31,366,2000,3,2000,4,2000,7
2012,8,76.7,2012-08-15,1724,31,366,2000,3,2000,4,2000,7
2012,9,68.8,2012-09-15,1725,30,366,2000,3,2000,4,2000,7
2012,10,58,2012-10-15,1726,31,366,2000,3,2000,4,2000,7
2012,11,43.9,2012-11-15,1727,30,366,2000,3,2000,4,2000,7
2012,12,41.5,2012-12-15,1728,31,366,2000,3,2000,4,2000,7
2013,1,35.1,2013-01-15,1729,31,365,2000,3,2000,4,2000,7
2013,2,33.9,2013-02-15,1730,28,365,2000,3,2000,4,2000,7
2013,3,40.1,2013-03-15,1731,31,365,2000,3,2000,4,2000,7
2013,4,53,2013-04-15,1732,30,365,2000,3,2000,4,2000,7
2013,5,62.8,2013-05-15,1733,31,365,2000,3,2000,4,2000,7
2013,6,72.7,2013-06-15,1734,30,365,2000,3,2000,4,2000,7
2013,7,79.8,2013-07-15,1735,31,365,2000,3,2000,4,2000,7
2013,8,74.6,2013-08-15,1736,31,365,2000,3,2000,4,2000,7
2013,9,67.9,2013-09-15,1737,30,365,2000,3,2000,4,2000,7
2013,10,NA,2013-10-15,1738,31,365,2000,3,2000,4,2000,7
2013,11,NA,2013-11-15,1739,30,365,2000,3,2000,4,2000,7
2013,12,NA,2013-12-15,1740,31,365,2000,3,2000,4,2000,7
